age_group,income,previous_purchases,purchase_frequency,previous_campaign_response,website_visits,email_engagement,discount_usage,responded
26-35,34186.06,4,1.13,0,3.0,0.386,0.168,0
56+,15788.57,4,0.86,0,9.0,0.523,0.177,1
36-45,39562.83,7,0.43,0,8.0,0.116,0.313,0
36-45,78826.64,8,0.89,1,14.0,,0.553,1
26-35,61670.91,3,5.7,0,12.0,0.321,0.643,1
26-35,58259.17,8,0.49,0,4.0,0.699,0.538,1
18-25,38731.31,9,3.04,0,7.0,0.241,0.337,0
46-55,26500.11,8,4.04,0,10.0,0.463,0.131,0
36-45,,9,2.41,0,7.0,0.479,0.256,0
36-45,31766.69,8,0.51,0,7.0,0.293,0.595,0
18-25,139487.5,10,0.87,0,9.0,0.212,0.575,0
56+,73619.39,7,3.1,0,2.0,0.147,0.409,0
46-55,38103.56,9,1.72,0,7.0,0.65,0.121,0
26-35,33930.84,11,1.99,1,4.0,0.61,0.397,0
26-35,44429.95,7,0.88,0,15.0,0.573,0.625,0
26-35,41169.75,4,0.69,0,21.0,0.584,0.808,0
26-35,83345.81,7,3.95,0,8.0,0.243,0.542,0
36-45,54010.64,4,0.57,0,5.0,0.58,0.144,0
26-35,31874.18,4,6.2,0,,0.171,0.024,0
26-35,124620.59,13,2.21,0,15.0,0.083,0.352,0
36-45,50293.96,10,2.63,0,13.0,0.659,0.336,0
18-25,66822.6,10,1.5,0,8.0,0.434,0.52,0
26-35,33986.62,4,2.65,0,5.0,0.186,0.239,0
26-35,56320.85,8,3.64,1,8.0,0.655,0.396,1
26-35,54818.18,4,2.45,0,18.0,0.561,0.141,0
46-55,19290.78,7,0.84,0,7.0,0.38,0.272,0
26-35,132978.54,16,0.36,0,4.0,0.785,0.279,0
36-45,95907.08,13,2.09,0,7.0,0.508,0.361,1
36-45,39873.15,2,1.6,0,9.0,0.694,0.576,1
18-25,25256.02,4,2.21,1,10.0,0.679,0.229,1
36-45,58731.53,10,2.93,0,12.0,0.285,0.154,0
26-35,48780.35,7,0.94,0,16.0,0.254,0.706,0
18-25,53903.35,7,0.23,0,1.0,0.795,0.271,0
56+,60452.93,8,1.69,0,8.0,0.282,0.288,0
56+,71199.8,7,1.44,0,8.0,0.55,0.567,0
46-55,109381.71,6,0.79,0,,0.082,0.394,0
26-35,62655.93,9,2.96,0,2.0,0.356,0.11,0
18-25,25956.55,9,1.96,0,14.0,0.528,0.132,0
36-45,99561.69,5,3.72,0,12.0,0.169,0.506,0
26-35,109438.67,14,3.09,1,16.0,0.516,0.168,0
18-25,165000.0,11,3.3,0,2.0,0.737,0.605,1
36-45,27331.17,3,1.33,0,16.0,0.15,0.684,0
18-25,50832.88,3,0.46,0,17.0,0.264,0.044,0
56+,18533.01,5,1.35,0,11.0,0.26,0.179,0
26-35,62170.6,6,3.79,0,13.0,0.421,0.374,0
36-45,36861.98,10,0.83,0,8.0,0.59,0.25,0
26-35,126777.87,9,2.29,0,5.0,0.331,0.403,0
36-45,32767.75,6,0.49,0,17.0,0.445,0.198,0
36-45,20366.05,5,0.97,0,4.0,0.154,0.706,0
26-35,36495.45,5,4.77,1,7.0,0.334,0.25,1
56+,19589.45,5,3.63,0,7.0,0.512,0.625,0
46-55,76158.48,11,1.98,0,18.0,0.333,0.49,0
56+,18697.72,3,1.51,0,7.0,0.069,0.173,0
46-55,52302.42,11,2.14,0,3.0,0.124,0.528,0
36-45,16639.55,4,1.08,0,12.0,0.181,0.365,0
56+,46325.37,1,1.65,0,12.0,0.43,0.297,0
18-25,105298.73,2,2.15,1,15.0,0.548,0.583,1
26-35,56248.63,7,1.77,0,8.0,0.793,0.521,1
18-25,28594.89,10,1.44,0,4.0,0.144,0.292,0
26-35,45879.52,6,1.51,0,10.0,0.349,0.299,0
26-35,47068.95,6,0.57,0,2.0,0.423,0.574,0
26-35,59621.28,3,5.55,1,17.0,0.741,0.41,1
46-55,25317.06,7,2.29,0,4.0,,0.449,0
26-35,63458.09,10,1.09,0,3.0,0.158,0.486,0
26-35,15000.0,5,0.47,0,10.0,0.409,0.25,0
36-45,35329.02,4,2.19,0,9.0,0.439,0.748,0
18-25,34755.66,5,2.76,0,8.0,0.134,0.354,0
46-55,71634.35,15,1.04,1,28.0,0.279,0.145,0
18-25,45331.98,5,1.71,0,0.0,0.453,0.108,0
56+,26346.93,13,3.68,1,8.0,0.366,0.84,0
46-55,30878.13,1,4.8,0,11.0,0.677,0.323,0
26-35,51705.2,5,0.48,0,6.0,0.337,0.795,0
18-25,42996.97,3,0.71,0,15.0,0.229,0.526,0
46-55,38133.77,5,3.3,1,13.0,0.693,0.308,1
36-45,38176.16,9,4.12,0,15.0,0.133,0.455,0
36-45,70404.14,12,3.37,0,13.0,0.362,0.514,0
46-55,39371.59,4,1.11,0,2.0,0.419,0.322,0
18-25,42795.68,5,3.81,0,3.0,0.05,0.208,0
26-35,144115.02,9,0.93,0,4.0,0.362,0.456,0
18-25,21368.75,4,2.3,0,7.0,0.058,0.355,0
46-55,19673.77,6,1.19,0,18.0,0.604,0.489,0
36-45,73678.52,13,1.46,0,5.0,0.274,0.442,0
26-35,32764.65,5,1.01,0,24.0,0.155,0.251,0
18-25,37968.66,4,2.17,0,2.0,0.294,0.522,0
26-35,31063.81,7,2.86,0,4.0,0.348,0.556,0
26-35,40737.48,1,1.83,1,5.0,0.503,0.242,0
36-45,112559.79,8,1.23,1,4.0,,0.262,1
36-45,74392.23,3,3.5,0,10.0,0.383,0.28,1
46-55,80688.89,11,3.39,1,9.0,0.263,0.105,1
36-45,23471.96,8,7.97,1,13.0,,0.214,1
18-25,24622.11,3,1.37,0,11.0,0.211,0.256,0
36-45,15000.0,7,3.13,0,11.0,0.257,0.071,0
46-55,33830.63,10,2.74,1,14.0,0.691,0.755,1
36-45,80618.68,10,2.72,0,5.0,0.291,0.385,0
46-55,67427.77,14,1.29,0,5.0,0.595,0.468,0
36-45,43687.32,8,0.47,0,5.0,0.742,0.355,0
36-45,48455.63,5,1.58,0,2.0,0.392,0.696,0
26-35,32590.61,3,0.73,0,3.0,0.24,0.453,0
18-25,49835.09,7,1.08,1,18.0,0.551,0.419,1
18-25,66719.78,8,1.87,0,6.0,0.576,0.296,0
18-25,19336.29,7,1.71,1,9.0,0.739,0.134,0
36-45,57286.3,6,2.15,0,1.0,0.339,0.166,0
26-35,75725.19,14,0.74,0,19.0,0.647,0.468,0
36-45,39503.63,3,1.82,0,6.0,0.658,0.505,0
56+,78776.05,10,4.03,1,1.0,0.443,0.542,1
26-35,165000.0,8,1.55,1,2.0,0.415,0.138,0
26-35,44167.38,5,2.38,1,10.0,0.534,0.533,1
46-55,63229.08,6,2.09,0,8.0,0.471,0.204,1
26-35,31767.86,8,2.93,0,1.0,0.139,0.525,0
18-25,49229.61,6,2.31,0,35.0,0.349,0.222,0
26-35,59239.35,8,0.8,0,14.0,0.356,0.223,0
26-35,,8,0.69,0,2.0,0.183,0.278,0
56+,32201.18,6,1.35,0,15.0,0.737,0.32,0
46-55,57371.8,5,4.28,0,2.0,0.737,0.362,0
36-45,104855.86,10,1.54,0,7.0,0.186,0.789,0
46-55,65074.67,7,1.97,0,3.0,0.306,0.556,0
46-55,84985.28,11,1.94,0,14.0,0.169,0.679,0
26-35,41223.09,4,0.11,0,7.0,0.432,0.229,0
46-55,76111.0,12,2.2,0,20.0,0.266,0.253,0
36-45,56682.41,6,3.19,0,17.0,0.621,0.221,1
46-55,31430.26,7,1.93,0,1.0,0.357,0.272,0
46-55,60817.38,11,1.39,0,11.0,,0.901,0
26-35,27842.47,2,1.93,0,12.0,0.17,0.375,0
18-25,,8,0.7,0,6.0,0.155,0.281,0
26-35,51454.37,9,0.39,1,10.0,0.78,0.199,0
26-35,54424.35,8,1.82,0,1.0,0.367,0.359,0
46-55,27766.88,4,2.62,0,3.0,0.53,0.568,0
46-55,89149.73,12,2.71,0,2.0,0.085,0.122,0
18-25,60321.46,6,4.48,0,8.0,0.534,0.664,1
36-45,33980.47,6,1.2,0,5.0,0.261,0.505,0
26-35,20961.78,6,1.24,0,14.0,0.078,0.528,0
26-35,43245.55,6,1.58,0,24.0,0.057,0.611,0
18-25,35529.17,6,4.37,1,17.0,0.65,0.114,0
26-35,49455.72,6,0.42,1,4.0,0.587,0.125,1
56+,,11,3.67,0,17.0,0.255,0.848,1
26-35,16417.82,8,1.59,0,5.0,0.136,0.374,0
36-45,40057.03,6,1.7,0,6.0,0.245,0.425,0
36-45,41817.83,6,0.22,0,21.0,0.381,0.293,0
26-35,64828.7,5,1.96,1,10.0,0.268,0.617,1
56+,38060.65,9,0.68,1,5.0,0.475,0.597,0
56+,130994.53,12,2.81,0,5.0,0.689,0.34,1
26-35,17256.55,6,3.75,1,5.0,0.487,0.327,0
36-45,96936.08,4,3.15,0,6.0,0.432,0.644,1
26-35,41496.08,6,0.5,0,5.0,0.464,0.472,0
26-35,72910.22,5,1.27,0,17.0,0.543,0.632,0
18-25,46699.88,6,0.48,0,7.0,0.747,0.537,0
36-45,88660.42,9,2.3,0,8.0,0.059,0.513,0
36-45,40077.56,6,1.91,0,12.0,0.27,0.356,0
18-25,25303.99,3,3.16,1,10.0,0.6,0.382,1
26-35,97602.88,6,1.96,0,8.0,0.661,0.166,0
56+,51585.2,9,1.31,0,4.0,0.461,0.242,0
26-35,52324.0,10,0.6,1,8.0,0.716,0.796,0
18-25,85141.6,8,0.89,0,8.0,0.092,0.554,0
36-45,28663.6,2,3.14,0,16.0,0.311,0.355,0
56+,74582.06,6,0.59,0,6.0,0.509,0.485,0
26-35,34312.15,5,1.66,0,12.0,0.209,0.33,0
36-45,45764.86,6,1.52,1,10.0,0.438,0.531,1
46-55,53507.93,12,1.73,0,5.0,0.128,0.239,0
26-35,21373.02,6,1.58,0,8.0,0.645,0.698,0
36-45,32695.89,5,0.79,0,5.0,0.164,0.088,0
26-35,94141.84,5,2.96,0,12.0,0.733,0.246,0
36-45,77716.23,13,2.4,0,9.0,0.12,0.25,0
36-45,47449.79,3,1.36,0,10.0,,0.628,0
36-45,55627.01,12,2.08,0,1.0,0.312,0.177,0
18-25,38445.38,2,1.54,0,11.0,0.197,0.449,0
46-55,104341.39,10,1.44,0,15.0,0.13,0.288,0
26-35,42016.46,6,3.51,0,3.0,0.488,0.203,0
26-35,52604.55,6,1.96,0,9.0,0.285,0.226,0
18-25,81302.8,9,1.34,1,4.0,0.677,0.162,0
36-45,32720.82,6,0.96,0,3.0,0.141,0.337,0
36-45,110257.12,8,1.56,0,13.0,0.509,0.448,0
18-25,20214.59,4,2.94,0,11.0,0.296,0.67,0
36-45,114395.14,4,1.28,0,3.0,0.344,0.406,0
26-35,38415.21,8,2.48,1,2.0,0.32,0.456,0
36-45,43208.68,12,1.54,0,1.0,0.343,0.669,1
26-35,17451.74,7,1.83,0,11.0,0.095,0.625,0
36-45,38696.59,6,3.61,0,15.0,0.237,0.375,0
26-35,27154.57,4,0.9,0,5.0,0.08,0.687,0
56+,39895.7,11,2.44,0,1.0,0.316,0.435,0
18-25,41714.26,4,2.4,0,6.0,0.4,0.195,0
26-35,76730.28,9,0.48,0,13.0,0.175,0.587,0
18-25,49908.86,5,0.61,0,6.0,0.421,0.489,1
56+,64214.98,3,1.19,0,5.0,0.442,0.242,0
46-55,29153.49,7,2.92,0,12.0,,0.328,0
26-35,29495.94,9,1.61,0,13.0,0.514,0.454,0
36-45,124908.53,11,3.05,0,20.0,0.659,0.216,1
46-55,35161.09,6,2.7,1,1.0,0.327,0.324,0
36-45,115986.41,12,0.7,0,17.0,0.428,0.654,0
36-45,43200.54,8,2.12,0,6.0,0.489,0.404,0
26-35,46685.54,1,1.99,0,12.0,0.512,0.174,0
18-25,78165.99,7,1.73,1,9.0,0.449,0.174,0
46-55,99845.98,7,0.8,0,9.0,0.395,0.85,0
56+,51656.82,8,2.48,0,2.0,0.295,0.631,0
36-45,40059.2,8,2.09,0,13.0,0.653,0.208,0
26-35,45293.62,6,3.14,1,8.0,0.302,0.391,0
26-35,55588.85,10,2.8,0,9.0,0.75,0.273,0
36-45,77923.12,10,1.76,0,5.0,0.444,0.616,1
46-55,51647.63,7,1.07,0,7.0,0.386,0.375,0
46-55,71098.45,9,1.11,0,3.0,0.501,0.105,0
46-55,120806.7,10,3.09,1,2.0,0.367,0.341,0
36-45,59771.31,4,0.89,0,11.0,0.141,0.57,0
18-25,52683.6,13,1.22,0,4.0,0.42,0.73,0
26-35,21166.32,4,1.05,0,9.0,0.238,0.286,0
46-55,15000.0,10,1.38,0,3.0,0.097,0.394,0
36-45,59991.33,6,1.4,0,4.0,0.364,0.422,0
18-25,42646.11,3,2.0,0,6.0,0.263,0.269,0
18-25,34279.85,5,1.49,0,8.0,0.605,0.682,0
36-45,55638.78,10,1.56,0,14.0,0.296,0.279,0
18-25,43416.29,3,3.23,1,12.0,0.447,0.42,1
26-35,83821.58,11,1.73,0,10.0,0.149,0.832,0
36-45,,3,1.17,0,4.0,0.056,0.246,0
36-45,33243.01,6,3.43,1,12.0,0.427,0.371,1
36-45,82033.78,5,1.0,0,4.0,0.307,0.593,0
26-35,41651.47,7,1.68,0,16.0,0.343,0.41,0
36-45,64459.93,6,1.92,0,9.0,0.61,0.232,0
26-35,36378.98,8,2.84,0,4.0,0.242,0.247,0
26-35,33259.31,7,1.16,0,4.0,0.09,0.439,0
36-45,51213.96,3,1.64,0,8.0,0.324,0.28,0
36-45,49348.91,4,4.43,0,6.0,0.622,0.545,0
46-55,66138.75,14,1.95,0,6.0,0.286,0.424,0
36-45,42629.6,7,2.77,1,16.0,0.773,0.805,1
36-45,18865.55,7,7.73,0,16.0,0.519,0.684,1
18-25,35773.32,10,6.05,0,,0.095,0.198,1
26-35,70458.95,8,1.77,0,5.0,0.404,0.196,0
26-35,39949.22,6,1.41,0,13.0,0.18,0.445,0
26-35,41022.69,4,1.52,0,7.0,0.308,0.433,0
56+,91392.23,11,2.18,0,8.0,0.412,0.404,0
26-35,32201.68,4,3.57,1,2.0,0.332,0.059,0
46-55,23103.57,6,2.26,0,11.0,0.099,0.346,0
36-45,45092.53,3,1.98,0,18.0,0.588,0.736,0
46-55,40063.84,7,0.93,0,18.0,0.67,0.542,0
36-45,29659.92,5,1.84,0,8.0,0.413,0.542,0
36-45,44748.05,4,1.28,1,17.0,0.33,0.4,0
36-45,63296.35,7,0.73,1,9.0,0.322,0.553,0
26-35,46405.35,3,0.94,0,3.0,0.781,0.583,1
36-45,57505.17,6,2.96,0,0.0,0.572,0.577,0
26-35,119727.31,8,3.82,0,5.0,0.372,0.634,0
18-25,37485.26,7,2.04,1,4.0,0.247,0.462,0
36-45,56655.33,3,1.3,0,5.0,0.248,0.331,0
26-35,35782.31,8,1.94,0,1.0,,0.286,0
56+,35238.44,6,1.1,0,17.0,0.317,0.622,0
56+,40370.23,11,0.44,0,15.0,0.228,0.633,0
56+,42661.22,7,0.53,0,3.0,0.486,0.535,0
26-35,56214.35,8,0.76,0,0.0,0.212,0.359,0
18-25,151982.31,14,0.96,0,2.0,0.408,0.553,0
56+,37709.13,8,3.19,0,2.0,0.689,0.102,0
26-35,37547.23,8,1.95,0,9.0,0.214,0.511,0
56+,52953.85,5,0.29,0,0.0,0.346,0.323,0
56+,67226.0,8,4.24,0,11.0,0.367,0.692,0
46-55,59103.56,10,4.74,0,12.0,0.395,0.849,1
26-35,90919.5,10,1.36,0,5.0,0.241,0.399,0
26-35,15000.0,4,1.57,0,4.0,0.524,0.401,0
46-55,15000.0,5,1.36,0,19.0,0.384,0.189,0
26-35,,10,3.33,1,7.0,0.292,0.364,0
26-35,82503.51,6,2.88,0,0.0,0.483,0.728,0
36-45,21717.27,7,1.33,0,16.0,0.527,0.421,0
56+,15000.0,7,0.77,1,19.0,0.695,0.702,1
36-45,65973.82,7,4.37,0,12.0,0.532,0.409,0
36-45,55642.45,9,3.73,1,10.0,0.581,0.833,1
18-25,25414.92,4,1.02,0,8.0,0.137,0.399,0
36-45,29363.84,7,2.29,1,1.0,0.366,0.321,0
56+,33048.56,7,1.27,0,3.0,0.332,0.519,1
18-25,47452.21,8,3.67,1,7.0,0.337,0.275,0
36-45,35394.65,7,3.51,0,7.0,0.416,0.194,0
46-55,66630.2,4,1.52,0,4.0,0.071,0.249,0
36-45,15000.0,3,3.3,0,11.0,0.057,0.476,0
36-45,31396.04,3,3.61,0,6.0,0.559,0.317,0
36-45,27294.81,7,2.15,0,,0.298,0.783,0
26-35,40810.83,2,3.87,0,8.0,0.332,0.105,0
26-35,35249.8,9,1.51,0,18.0,0.528,0.586,0
46-55,78032.35,10,0.79,0,10.0,0.363,0.717,0
46-55,19597.26,11,0.94,0,6.0,0.878,0.363,0
46-55,52767.75,9,3.44,0,5.0,0.765,0.221,0
56+,73154.94,11,1.35,0,5.0,0.169,0.453,0
36-45,128727.97,10,1.18,0,4.0,0.533,0.628,0
36-45,38157.66,4,0.55,0,9.0,0.136,0.29,0
46-55,61005.45,5,2.76,0,17.0,0.2,0.149,0
36-45,19187.06,7,1.58,0,1.0,0.458,0.473,0
36-45,15000.0,7,3.56,0,5.0,0.309,0.317,1
46-55,79960.07,6,3.79,0,1.0,0.298,0.432,0
46-55,51385.36,11,5.17,0,35.0,0.113,0.5,0
26-35,86062.29,8,1.46,1,16.0,0.555,0.521,1
26-35,22829.99,5,1.23,0,16.0,0.054,0.141,0
18-25,58709.05,7,3.01,0,6.0,0.371,0.152,0
36-45,129545.22,10,1.27,0,21.0,0.584,0.281,0
18-25,55728.5,7,2.61,0,6.0,0.215,0.266,0
26-35,53842.71,8,1.31,1,10.0,0.713,0.534,1
36-45,49239.39,6,2.54,1,7.0,0.527,0.089,0
26-35,20601.96,5,2.14,0,15.0,0.328,0.437,0
36-45,99200.46,10,0.44,0,25.0,0.458,0.152,0
18-25,,4,1.15,0,24.0,,0.202,0
18-25,58240.21,2,1.47,0,5.0,0.353,0.503,0
46-55,22861.79,7,0.82,0,10.0,0.299,0.632,0
26-35,25252.51,5,3.06,0,35.0,0.423,0.66,0
18-25,94489.64,8,1.19,0,2.0,0.523,0.68,0
36-45,40921.17,4,1.98,0,5.0,0.347,0.32,0
46-55,109721.79,8,1.79,0,18.0,0.276,0.243,0
26-35,44771.19,5,2.32,1,4.0,0.41,0.225,0
36-45,18811.3,11,1.53,0,20.0,0.246,0.344,0
18-25,71244.66,6,2.27,0,3.0,0.244,0.606,0
18-25,32966.79,6,3.76,0,7.0,0.143,0.248,0
36-45,70496.49,11,1.16,0,12.0,0.511,0.737,0
36-45,49667.68,7,2.5,0,3.0,0.296,0.877,0
36-45,21973.19,11,1.79,0,5.0,0.545,0.811,1
36-45,53392.91,6,1.98,1,5.0,0.559,0.613,0
56+,165000.0,15,2.89,0,9.0,0.174,0.438,0
36-45,63345.11,8,2.12,0,23.0,0.529,0.465,0
26-35,45256.01,5,3.74,1,8.0,0.843,0.323,1
46-55,,10,3.41,0,8.0,0.462,0.687,0
26-35,52028.54,9,2.08,0,7.0,0.156,0.604,0
26-35,51997.86,5,2.53,0,18.0,0.487,0.193,0
18-25,25396.2,5,2.17,0,15.0,0.504,0.057,0
18-25,50594.64,4,0.46,0,14.0,0.184,0.707,0
56+,93754.09,6,2.29,0,20.0,0.272,0.408,0
46-55,33364.5,9,0.83,1,5.0,0.457,0.435,1
36-45,102820.27,11,1.8,0,3.0,0.685,0.467,0
26-35,44458.56,5,0.59,0,3.0,0.3,0.537,0
26-35,29388.53,10,5.13,0,9.0,0.186,0.29,0
26-35,78336.48,7,2.11,1,4.0,0.271,0.677,1
26-35,40169.65,3,0.68,0,13.0,0.2,0.591,0
36-45,72761.9,6,2.57,0,9.0,0.38,0.158,0
36-45,42120.32,6,4.62,0,13.0,0.148,0.419,0
36-45,47519.26,3,3.1,0,4.0,0.262,0.2,0
26-35,60273.71,10,1.32,0,4.0,0.753,0.617,1
56+,63657.12,7,1.6,0,10.0,0.81,0.511,1
36-45,17366.94,5,1.78,0,10.0,0.438,0.566,0
36-45,27363.17,9,3.39,1,6.0,0.386,0.752,1
36-45,79482.58,8,3.6,0,10.0,0.454,0.224,0
26-35,43533.63,7,2.24,0,19.0,0.399,0.302,1
26-35,35513.2,3,1.78,0,21.0,0.183,0.446,0
26-35,23006.72,9,1.24,1,12.0,,0.876,1
46-55,29393.74,9,5.03,1,6.0,0.746,0.703,1
18-25,15656.86,6,2.49,0,16.0,0.722,0.614,1
18-25,42503.17,6,1.02,0,15.0,0.401,0.419,0
18-25,32820.63,3,1.16,0,6.0,0.099,0.016,0
18-25,27102.31,1,3.04,0,12.0,0.566,0.592,0
46-55,49740.55,10,1.21,1,8.0,0.291,0.198,0
36-45,59234.81,5,1.01,0,2.0,0.644,0.293,0
36-45,145577.36,16,3.53,0,2.0,0.537,0.326,0
18-25,20410.82,9,1.77,0,5.0,0.198,0.519,0
36-45,89579.17,11,2.1,0,7.0,0.398,0.65,0
36-45,81309.07,9,3.84,0,16.0,0.055,0.196,0
26-35,31097.16,4,3.18,0,14.0,0.443,0.159,0
26-35,51827.84,3,2.22,0,18.0,0.73,0.344,1
26-35,36755.04,2,3.06,1,2.0,0.319,0.537,1
36-45,53990.21,9,0.72,0,5.0,0.66,0.631,1
36-45,107446.48,14,2.73,0,17.0,0.407,0.791,1
18-25,61384.66,5,1.41,0,8.0,0.874,0.125,0
26-35,60747.21,5,2.65,1,3.0,0.509,0.518,0
36-45,39192.44,5,0.99,0,12.0,0.422,0.309,0
36-45,22658.5,6,2.7,0,11.0,0.081,0.474,0
46-55,46239.82,4,0.79,0,3.0,0.597,0.462,0
36-45,91806.3,5,1.71,0,7.0,0.431,0.126,0
26-35,21075.63,10,3.53,1,5.0,0.41,0.392,0
18-25,25883.31,8,1.7,1,14.0,0.921,0.38,1
36-45,52347.49,6,2.57,0,6.0,0.357,0.334,0
18-25,26848.88,5,0.32,0,10.0,0.168,0.458,0
36-45,32464.02,4,0.68,0,15.0,0.284,0.507,0
56+,43902.6,15,2.55,1,11.0,0.383,0.384,1
36-45,24097.88,6,0.58,0,,0.15,0.456,0
26-35,28098.08,4,1.06,0,9.0,0.173,0.276,0
36-45,70670.43,9,1.65,0,13.0,0.506,0.356,0
26-35,23627.53,3,2.38,0,3.0,0.618,0.301,0
36-45,21356.39,5,3.02,0,9.0,0.356,0.684,0
56+,39434.13,10,1.43,0,7.0,0.047,0.276,0
26-35,68228.45,10,2.67,1,3.0,0.288,0.287,0
56+,49394.81,4,4.74,1,0.0,0.26,0.286,0
56+,42976.89,6,3.77,0,5.0,0.514,0.225,0
26-35,47718.12,8,3.89,0,12.0,0.265,0.481,0
18-25,18074.04,7,1.64,1,7.0,0.464,0.218,0
18-25,57944.85,5,3.08,0,18.0,0.733,0.554,1
18-25,54687.27,5,2.33,0,2.0,0.394,0.496,0
18-25,36212.5,8,3.24,1,3.0,0.42,0.448,1
36-45,82708.76,6,3.82,0,16.0,0.092,0.831,0
18-25,24926.88,5,2.12,0,7.0,0.275,0.499,0
26-35,83827.19,5,2.4,1,20.0,0.642,0.131,0
46-55,55845.08,8,0.46,1,9.0,0.437,0.252,0
18-25,37608.77,7,4.5,1,8.0,0.77,0.383,1
46-55,51004.32,6,1.49,0,12.0,0.458,0.608,1
26-35,44100.32,7,3.91,0,15.0,0.344,0.564,0
18-25,84503.4,9,1.68,0,15.0,0.306,0.624,0
36-45,28004.68,4,1.9,0,6.0,0.131,0.325,0
36-45,32974.51,10,2.09,1,12.0,0.521,0.39,0
46-55,88333.75,6,2.38,1,12.0,0.337,0.523,0
36-45,35965.73,4,1.78,1,2.0,0.414,0.809,1
46-55,82312.41,7,3.39,0,9.0,0.879,0.228,0
26-35,112837.8,9,2.44,0,21.0,0.493,0.426,0
26-35,37837.9,3,1.68,1,6.0,0.968,0.207,1
46-55,73446.2,8,0.8,0,17.0,0.28,0.355,0
46-55,28284.81,3,1.41,0,3.0,0.602,0.384,0
56+,81020.81,11,2.65,1,8.0,0.386,0.446,0
26-35,51725.21,4,3.54,0,7.0,0.719,0.283,0
26-35,59633.93,6,1.4,1,7.0,0.896,0.669,1
46-55,36838.64,19,2.85,0,7.0,0.535,0.679,0
26-35,19657.94,4,1.78,0,4.0,0.134,0.573,0
56+,71089.23,7,1.0,1,7.0,0.868,0.196,0
46-55,17624.24,6,3.18,1,,0.598,0.724,1
26-35,39536.43,2,2.04,0,9.0,0.148,0.596,0
46-55,84070.8,5,0.41,1,13.0,0.457,0.347,1
46-55,56941.91,14,1.05,1,2.0,0.503,0.107,0
18-25,123394.05,7,0.95,1,13.0,0.97,0.792,1
56+,93251.62,11,3.43,0,9.0,0.427,0.419,0
36-45,34890.6,9,1.34,0,17.0,,0.442,0
46-55,52271.31,10,1.32,0,4.0,0.14,0.513,0
26-35,45495.43,6,0.88,0,19.0,0.126,0.781,0
46-55,22635.35,9,1.23,1,5.0,0.613,0.631,1
26-35,28595.15,2,1.25,0,8.0,0.518,0.217,0
18-25,33469.98,3,4.03,1,13.0,0.763,0.316,1
56+,18980.46,6,2.42,0,5.0,0.087,0.275,0
18-25,45921.86,8,3.06,0,19.0,0.612,0.452,1
26-35,40965.38,6,4.01,0,13.0,0.046,0.478,0
56+,22927.56,6,1.13,0,4.0,0.167,0.218,0
56+,67520.78,13,1.03,0,9.0,0.299,0.218,0
36-45,71129.24,8,2.99,1,7.0,0.69,0.253,0
36-45,55163.56,7,1.61,0,17.0,0.434,0.252,0
26-35,39398.56,7,5.69,0,11.0,0.652,0.824,1
26-35,63420.97,5,0.81,1,5.0,,0.568,1
26-35,66417.42,10,0.66,1,23.0,0.254,0.515,0
36-45,57517.81,8,2.44,0,24.0,0.063,0.159,0
46-55,33563.74,7,1.26,0,6.0,0.422,0.368,0
46-55,59506.0,12,1.82,0,8.0,0.158,0.543,0
46-55,95956.47,16,1.41,1,14.0,0.323,0.522,0
18-25,32851.51,7,1.71,0,,0.453,0.606,0
36-45,145936.73,12,2.71,0,9.0,0.659,0.177,1
18-25,34087.02,6,1.51,0,9.0,0.522,0.679,0
36-45,49853.88,13,1.4,0,5.0,0.564,0.479,0
26-35,32869.73,11,1.71,0,9.0,0.348,0.148,0
46-55,57878.48,7,0.15,0,28.0,0.056,0.722,0
26-35,18845.79,4,3.01,0,1.0,0.31,0.506,0
18-25,33727.14,5,3.11,1,33.0,0.565,0.221,1
18-25,25389.65,4,3.72,1,3.0,0.296,0.257,0
46-55,55291.58,9,1.75,0,5.0,0.596,0.353,0
36-45,82216.61,6,1.67,0,8.0,0.595,0.653,1
18-25,62687.87,6,5.04,0,13.0,0.412,0.248,0
18-25,15000.0,2,0.87,0,17.0,0.045,0.504,0
36-45,141757.94,11,4.21,0,6.0,0.214,0.551,0
18-25,52236.96,6,4.52,0,10.0,0.716,0.196,0
46-55,34414.06,9,1.19,0,6.0,0.413,0.079,0
36-45,53194.3,3,1.22,1,7.0,0.402,0.22,0
18-25,49100.22,9,0.91,0,2.0,0.55,0.325,0
18-25,31673.6,4,1.02,0,16.0,0.551,0.238,0
56+,60652.53,10,1.66,1,,0.565,0.089,1
26-35,33999.95,6,1.46,0,3.0,0.447,0.56,0
26-35,37787.43,7,4.45,0,12.0,0.36,0.405,0
46-55,36067.05,12,1.52,1,6.0,0.639,0.701,1
56+,25978.15,7,4.9,0,13.0,0.418,0.692,0
56+,59032.0,11,3.29,1,10.0,0.802,0.357,0
46-55,69867.49,7,0.82,0,14.0,0.308,0.292,0
26-35,60945.75,2,3.41,0,5.0,0.319,0.233,0
18-25,68621.5,6,2.06,0,5.0,0.209,0.475,0
46-55,61001.69,11,2.67,0,4.0,0.223,0.592,0
36-45,37159.8,11,1.33,0,11.0,0.677,0.616,0
26-35,72158.85,9,3.22,1,5.0,0.203,0.258,0
56+,27013.47,5,2.72,0,9.0,0.104,0.051,0
18-25,28047.39,6,1.66,0,14.0,0.138,0.717,0
36-45,29691.5,3,0.35,1,21.0,0.601,0.489,0
18-25,78560.88,7,3.27,0,16.0,0.597,0.738,1
26-35,76133.98,7,0.77,0,4.0,0.169,0.045,0
18-25,57722.29,2,1.28,0,3.0,0.523,0.523,0
18-25,78229.61,3,0.78,0,10.0,0.425,0.584,0
18-25,28361.08,5,1.71,0,14.0,0.473,0.661,0
36-45,58763.1,6,2.56,0,19.0,0.3,0.394,0
36-45,45931.63,12,4.85,0,19.0,0.333,0.606,1
36-45,76143.78,7,1.14,0,2.0,0.363,0.297,0
56+,51538.45,7,0.85,0,11.0,,0.209,0
26-35,38170.94,5,1.95,0,15.0,0.285,0.633,0
26-35,61776.14,12,3.42,0,2.0,0.148,0.5,0
46-55,81276.16,10,1.57,0,19.0,0.416,0.181,1
26-35,32940.58,6,1.81,0,5.0,0.364,0.898,0
56+,53010.25,92,0.61,0,7.0,0.483,0.06,0
18-25,25838.24,3,1.44,1,18.0,0.607,0.732,1
56+,15000.0,5,0.68,1,7.0,0.632,0.66,1
18-25,49723.8,4,1.65,0,15.0,0.066,0.674,0
46-55,70730.4,11,2.43,0,10.0,0.305,0.319,0
36-45,56177.68,8,6.78,1,8.0,0.537,0.223,1
56+,19855.33,8,2.15,1,4.0,0.651,0.392,1
18-25,37330.21,5,2.01,0,2.0,0.484,0.393,0
36-45,15466.93,7,1.85,0,11.0,0.142,0.266,0
56+,111551.83,8,1.13,0,3.0,0.662,0.393,0
36-45,27868.48,2,5.81,0,15.0,0.58,0.206,0
36-45,94165.57,5,2.98,0,5.0,0.253,0.105,0
36-45,80165.8,7,3.06,0,7.0,0.357,0.383,0
26-35,29193.26,4,3.3,0,5.0,0.483,0.168,0
36-45,27199.44,3,1.08,0,23.0,0.313,0.317,0
36-45,58817.37,7,2.28,1,6.0,0.243,0.387,0
56+,35275.77,6,1.74,0,6.0,0.121,0.396,0
18-25,47253.97,5,0.68,0,9.0,0.169,0.24,0
26-35,36276.65,6,0.29,0,4.0,0.76,0.182,0
56+,21672.46,7,2.46,0,9.0,0.63,0.503,1
46-55,16157.77,7,2.3,0,8.0,0.135,0.66,0
26-35,52463.65,5,1.75,0,7.0,0.148,0.407,0
36-45,36606.82,4,4.13,0,8.0,0.407,0.165,0
26-35,34975.16,12,1.58,1,6.0,0.46,0.179,0
26-35,66959.9,8,3.51,0,20.0,0.469,0.298,1
26-35,85835.67,4,0.33,0,1.0,0.231,0.203,0
26-35,40468.4,5,1.62,0,4.0,0.148,0.457,0
36-45,41064.06,6,2.5,0,1.0,0.124,0.269,0
18-25,58108.92,3,7.11,1,3.0,0.554,0.404,0
56+,27021.65,7,2.42,0,13.0,0.541,0.315,0
56+,61453.72,10,0.32,0,6.0,0.373,0.271,0
36-45,65315.24,9,1.93,0,7.0,0.222,0.064,0
36-45,69823.07,10,2.1,1,8.0,0.403,0.275,0
26-35,17032.67,2,1.77,0,12.0,0.373,0.576,0
46-55,34686.13,8,1.73,1,13.0,0.279,0.09,0
36-45,31048.42,5,1.48,1,5.0,0.789,0.311,1
26-35,49116.05,6,0.64,1,0.0,0.671,0.359,0
56+,70262.06,9,1.1,1,5.0,0.639,0.305,0
46-55,112228.18,10,3.56,0,2.0,0.351,0.346,0
56+,42303.2,14,1.97,0,8.0,0.231,0.612,0
36-45,37845.31,13,1.42,0,8.0,0.532,0.136,0
36-45,89128.06,9,1.96,0,17.0,0.12,0.528,0
26-35,54405.47,4,2.51,0,4.0,0.256,0.453,0
56+,105786.56,14,0.59,0,8.0,0.454,0.544,0
46-55,59882.44,8,2.97,0,8.0,0.096,0.674,0
18-25,24545.88,4,2.39,1,5.0,0.901,0.467,1
18-25,22399.04,5,0.33,0,14.0,0.309,0.431,0
26-35,20810.51,4,3.68,0,5.0,0.772,0.609,0
46-55,72712.38,4,0.98,0,6.0,0.438,0.362,0
56+,101526.01,11,2.85,1,5.0,0.541,0.337,0
26-35,121986.82,10,2.26,1,3.0,0.61,0.51,1
36-45,75994.39,5,3.19,0,17.0,0.487,0.166,0
26-35,85363.69,4,1.56,0,1.0,0.019,0.355,0
56+,40473.05,10,3.89,0,25.0,0.197,0.246,0
46-55,28244.78,5,3.11,0,4.0,0.421,0.379,0
46-55,80180.95,13,0.47,0,1.0,0.354,0.63,0
26-35,57941.78,7,1.64,0,13.0,0.597,0.425,0
26-35,49309.45,9,3.54,1,4.0,0.539,0.423,1
26-35,57035.73,7,0.82,0,5.0,0.436,0.032,0
18-25,53000.49,7,2.01,1,4.0,0.649,0.487,1
46-55,100467.02,5,1.19,0,2.0,0.315,0.344,0
46-55,101052.2,12,2.16,0,14.0,0.328,0.423,0
56+,72619.92,8,1.73,0,17.0,0.125,0.54,0
56+,84949.95,11,0.77,0,15.0,0.628,0.224,0
36-45,64043.16,11,2.69,0,12.0,0.181,0.818,0
46-55,40545.97,94,0.2,1,8.0,0.807,0.566,1
56+,81098.0,10,0.77,0,7.0,0.456,0.36,0
46-55,24955.83,7,1.62,0,9.0,0.423,0.572,0
26-35,80662.06,4,3.22,0,,0.214,0.226,0
26-35,25055.49,8,1.95,0,5.0,0.095,0.192,0
18-25,51980.18,4,0.32,0,5.0,0.727,0.661,1
56+,35260.55,7,1.72,0,1.0,0.095,0.162,0
36-45,65366.31,8,0.32,0,0.0,0.367,0.497,0
26-35,45814.64,4,1.16,0,1.0,0.579,0.564,0
36-45,21391.03,8,1.35,0,13.0,0.366,0.573,0
36-45,61008.22,8,1.5,1,19.0,0.239,0.333,0
26-35,34526.46,9,3.3,1,4.0,0.513,0.839,1
18-25,70841.22,4,2.6,0,3.0,0.163,0.212,0
36-45,49054.61,6,3.44,0,8.0,0.251,0.561,0
36-45,60211.52,10,3.23,0,12.0,0.276,0.169,0
46-55,31321.63,11,2.17,0,22.0,0.173,0.305,1
36-45,36081.92,10,0.45,0,5.0,0.858,0.084,1
46-55,40599.37,6,1.84,0,7.0,0.336,0.083,0
36-45,76533.61,11,3.34,0,7.0,0.294,0.431,1
36-45,117270.22,8,0.93,0,0.0,0.31,0.562,0
46-55,33904.76,7,0.97,0,8.0,0.133,0.306,0
26-35,81630.73,5,0.93,0,3.0,0.553,0.248,0
18-25,15000.0,8,1.81,0,19.0,0.185,0.227,0
18-25,24077.22,0,1.96,0,3.0,0.325,0.104,0
46-55,31301.94,9,2.57,0,9.0,0.449,0.501,0
36-45,24262.7,6,3.24,0,14.0,0.576,0.54,0
36-45,21515.61,3,3.13,0,6.0,0.591,0.763,1
26-35,57800.89,4,0.92,0,7.0,0.397,0.721,0
18-25,40082.09,5,2.12,0,7.0,0.416,0.609,1
18-25,54572.8,5,0.89,0,6.0,0.203,0.579,0
26-35,66772.45,4,3.69,0,,0.103,0.354,0
36-45,56281.48,10,2.12,0,15.0,0.31,0.658,0
26-35,65646.32,10,1.88,0,8.0,0.694,0.137,1
26-35,44974.15,2,5.21,0,6.0,0.525,0.326,0
56+,29518.23,8,0.28,0,14.0,0.214,0.685,0
26-35,80826.76,4,2.45,0,2.0,0.187,0.031,0
36-45,36086.05,6,1.79,0,13.0,0.295,0.41,0
46-55,31681.55,8,1.53,0,6.0,0.423,0.305,0
26-35,42509.49,6,0.92,0,6.0,0.369,0.674,0
36-45,30495.62,7,1.78,0,7.0,0.431,0.637,0
46-55,41478.74,5,1.84,0,13.0,0.176,0.685,0
56+,65441.25,8,2.51,0,23.0,0.512,0.922,1
18-25,53698.36,7,1.86,0,10.0,0.476,0.435,0
56+,34307.81,5,3.28,1,10.0,0.544,0.587,0
36-45,38039.99,4,1.39,1,8.0,0.569,0.462,0
26-35,81524.03,12,5.34,0,9.0,0.496,0.396,1
26-35,60362.79,5,1.62,0,11.0,,0.453,0
56+,160979.74,12,1.11,0,4.0,0.461,0.552,0
36-45,90550.83,7,1.02,0,26.0,0.888,0.516,1
26-35,84544.42,6,0.22,0,10.0,0.277,0.216,0
36-45,23820.66,5,2.46,1,12.0,0.423,0.169,0
26-35,69369.83,5,1.97,0,24.0,0.419,0.529,0
18-25,,2,2.41,0,8.0,0.587,0.214,0
18-25,33640.62,5,0.44,0,6.0,0.489,0.576,0
18-25,48891.95,6,4.17,0,6.0,0.476,0.343,0
26-35,76229.97,5,2.59,0,7.0,0.472,0.39,0
18-25,58129.72,4,0.69,0,12.0,0.09,0.374,0
36-45,31045.02,4,0.54,0,9.0,,0.696,0
26-35,68602.11,12,1.31,0,4.0,0.375,0.638,0
26-35,33471.66,3,3.54,0,1.0,0.186,0.542,0
46-55,57680.55,6,3.97,0,8.0,0.365,0.323,1
36-45,41867.2,3,2.4,0,11.0,0.071,0.518,0
36-45,43747.49,6,1.06,0,8.0,0.559,0.637,1
26-35,69455.83,8,0.83,0,22.0,0.398,0.149,0
26-35,27149.1,5,1.63,0,8.0,0.396,0.38,0
18-25,123192.25,11,1.12,0,15.0,0.368,0.789,0
26-35,18088.56,7,3.46,0,8.0,0.266,0.531,0
26-35,34173.74,11,2.61,0,4.0,0.42,0.324,0
26-35,56529.06,7,1.15,1,17.0,0.624,0.075,0
18-25,60708.77,1,0.26,0,17.0,,0.508,0
18-25,42520.97,3,0.88,0,0.0,0.12,0.579,0
26-35,45259.0,4,1.62,0,1.0,0.545,0.219,0
26-35,57727.33,11,1.52,0,13.0,0.318,0.368,0
26-35,41350.67,8,0.57,0,8.0,0.549,0.294,0
36-45,101159.55,10,2.86,1,6.0,0.22,0.45,0
36-45,75846.1,15,1.49,0,4.0,0.316,0.734,1
18-25,,3,1.23,0,7.0,0.361,0.457,0
46-55,31182.07,3,2.55,0,19.0,0.299,0.289,0
36-45,47038.33,3,1.68,1,4.0,0.435,0.523,1
18-25,38321.17,6,1.77,0,4.0,0.255,0.249,0
46-55,30549.0,7,2.21,0,12.0,0.266,0.37,0
56+,65991.77,15,3.66,0,1.0,0.37,0.473,0
18-25,33874.72,3,2.63,0,12.0,0.383,0.227,0
26-35,65565.83,5,0.7,0,10.0,0.261,0.697,0
46-55,29540.0,10,6.87,1,3.0,,0.658,1
36-45,119838.6,12,1.8,0,1.0,0.395,0.147,0
26-35,29257.96,5,0.19,0,5.0,0.114,0.649,0
26-35,52262.65,11,1.03,1,9.0,0.408,0.399,0
26-35,70387.21,5,0.93,0,11.0,0.311,0.661,0
36-45,36434.34,10,3.67,0,1.0,0.16,0.376,0
36-45,76365.3,13,2.04,0,2.0,0.103,0.678,0
26-35,24607.94,6,1.85,0,19.0,0.308,0.659,0
26-35,99220.63,13,2.1,0,5.0,0.12,0.59,0
36-45,49382.81,8,2.43,0,3.0,0.266,0.426,0
18-25,32855.23,8,2.32,1,10.0,0.845,0.891,1
26-35,39911.73,4,0.89,0,6.0,0.491,0.344,0
36-45,74655.39,7,4.31,1,7.0,0.382,0.515,1
46-55,38028.2,9,0.41,0,13.0,0.426,0.432,0
36-45,33200.96,5,3.79,0,8.0,0.321,0.16,0
36-45,43686.79,4,0.39,1,6.0,0.556,0.39,0
18-25,24293.88,3,0.97,0,2.0,0.524,0.774,0
26-35,120172.42,14,1.86,0,4.0,0.424,0.596,0
36-45,36514.87,7,1.49,1,23.0,0.482,0.716,1
26-35,71857.53,4,0.85,0,6.0,0.402,0.084,0
26-35,51996.12,6,2.42,0,,0.146,0.12,0
26-35,27946.36,9,1.34,0,12.0,0.403,0.606,0
18-25,44663.13,5,2.73,0,5.0,0.266,0.308,0
26-35,70100.24,10,1.09,0,13.0,0.098,0.366,0
26-35,42281.47,3,1.01,1,31.0,0.702,0.055,0
26-35,,12,2.06,0,1.0,0.275,0.412,1
18-25,,6,3.04,0,11.0,0.028,0.237,0
46-55,83102.97,4,2.79,0,7.0,0.185,0.523,0
36-45,38598.88,8,0.58,1,5.0,0.613,0.408,0
36-45,27958.65,3,1.64,1,10.0,0.328,0.319,0
46-55,37456.46,6,2.98,0,6.0,0.668,0.443,0
36-45,54287.28,4,1.39,0,16.0,0.486,0.597,0
18-25,59504.61,7,3.16,1,2.0,0.416,0.637,0
36-45,15847.75,3,3.81,1,2.0,0.615,0.2,0
36-45,48814.42,6,3.46,0,17.0,0.585,0.485,0
36-45,53220.9,9,2.83,0,14.0,0.618,0.248,0
26-35,40363.33,10,1.51,0,2.0,0.501,0.535,0
18-25,87681.17,9,1.54,0,9.0,0.316,0.516,0
26-35,58065.42,10,1.1,1,1.0,0.425,0.732,0
26-35,92161.69,8,2.01,0,11.0,0.178,0.751,0
36-45,43813.64,4,2.47,0,11.0,0.335,0.119,0
36-45,79816.72,7,2.81,0,4.0,0.268,0.374,0
26-35,109123.39,6,1.83,1,9.0,0.567,0.371,0
56+,108237.22,13,1.63,0,6.0,0.417,0.383,0
36-45,27780.41,6,1.8,0,3.0,0.312,0.444,0
26-35,40867.42,5,0.83,0,3.0,0.353,0.277,0
18-25,37440.73,7,2.86,1,8.0,0.895,0.397,1
26-35,60138.91,4,2.8,0,3.0,0.332,0.723,0
26-35,66629.58,7,0.87,0,6.0,0.616,0.748,0
26-35,30145.04,5,2.29,1,14.0,0.862,0.58,1
26-35,48304.31,10,0.61,0,5.0,0.199,0.057,0
26-35,16311.7,7,3.37,0,1.0,0.075,0.751,0
26-35,98697.16,11,5.27,0,3.0,0.508,0.2,0
46-55,39480.63,8,2.38,0,8.0,0.605,0.405,0
18-25,46122.18,6,2.49,1,10.0,0.872,0.47,1
36-45,41730.27,3,1.37,0,21.0,0.265,0.232,0
26-35,84620.71,13,1.63,1,8.0,0.901,0.339,1
56+,15000.0,9,3.86,0,16.0,0.419,0.934,0
18-25,44416.34,3,1.55,0,10.0,0.581,0.554,0
26-35,44133.49,6,1.66,1,16.0,0.735,0.291,1
56+,43222.18,12,2.04,1,12.0,0.433,0.848,1
46-55,126454.5,11,2.06,0,8.0,0.511,0.231,0
46-55,32486.79,5,4.32,0,5.0,0.272,0.329,0
26-35,69656.69,9,3.32,0,12.0,0.309,0.666,1
26-35,56120.22,6,4.05,0,5.0,0.435,0.623,1
36-45,94465.5,10,5.23,1,15.0,0.358,0.348,1
56+,38679.37,5,2.85,0,10.0,0.716,0.082,0
36-45,33485.11,6,0.92,0,6.0,0.308,0.113,0
36-45,86678.08,6,1.12,0,,0.261,0.246,0
26-35,58172.45,10,2.13,0,8.0,0.545,0.631,0
46-55,23077.94,5,0.36,0,21.0,0.28,0.708,0
26-35,35226.76,4,1.56,0,7.0,0.121,0.152,0
26-35,57006.41,10,2.88,0,7.0,0.094,0.539,0
26-35,72087.61,4,2.05,0,4.0,0.561,0.308,1
36-45,34434.01,9,1.4,0,4.0,0.225,0.303,0
26-35,15000.0,7,3.03,0,12.0,0.765,0.392,0
18-25,58810.52,6,0.98,0,10.0,0.443,0.288,0
36-45,25989.12,5,3.41,0,13.0,0.556,0.773,0
26-35,16333.67,11,2.53,1,11.0,0.461,0.662,1
36-45,15000.0,6,2.56,0,10.0,0.45,0.472,0
26-35,71201.56,9,1.39,0,13.0,0.25,0.346,0
36-45,52411.49,12,3.0,0,4.0,0.658,0.272,0
36-45,43593.3,6,2.16,1,5.0,0.8,0.303,1
18-25,92253.24,11,3.27,0,3.0,0.121,0.257,0
26-35,64952.33,3,5.65,0,13.0,0.446,0.375,1
18-25,103826.45,16,1.05,1,10.0,0.828,0.063,0
18-25,21715.41,4,5.26,1,8.0,0.511,0.315,1
56+,53746.49,6,2.7,1,14.0,0.738,0.201,1
26-35,20116.77,3,3.06,0,8.0,0.022,0.095,0
46-55,45739.67,7,4.07,0,25.0,,0.403,0
26-35,40975.1,11,4.78,0,16.0,0.173,0.417,1
36-45,67903.24,9,0.3,0,11.0,0.107,0.492,0
46-55,52769.74,10,1.53,0,4.0,0.461,0.249,0
36-45,67790.12,7,4.34,1,8.0,0.734,0.772,1
36-45,70670.88,11,1.19,0,7.0,0.748,0.701,1
26-35,142994.71,12,2.19,1,6.0,0.654,0.274,1
26-35,39578.67,6,1.58,0,9.0,0.626,0.64,0
56+,33545.84,5,1.04,0,22.0,0.272,0.697,0
46-55,58569.16,7,1.01,0,4.0,0.731,0.828,1
56+,36055.49,10,3.24,0,20.0,0.084,0.357,0
18-25,96821.04,5,2.11,0,7.0,0.495,0.47,0
36-45,42307.79,6,0.73,0,10.0,0.305,0.243,0
56+,40778.09,6,1.38,1,10.0,0.858,0.522,1
26-35,36494.46,7,1.0,1,1.0,0.753,0.607,1
18-25,65093.31,12,0.96,0,5.0,0.208,0.643,0
36-45,45160.21,8,2.95,0,19.0,0.159,0.594,0
36-45,35113.23,6,2.02,0,24.0,0.634,0.249,0
46-55,122514.3,8,1.8,0,8.0,0.443,0.404,0
18-25,28704.0,5,0.36,0,7.0,0.094,0.41,0
46-55,52496.11,12,4.02,1,11.0,0.404,0.215,0
26-35,65460.3,10,0.59,1,1.0,0.635,0.819,0
26-35,19964.4,5,1.97,0,4.0,0.309,0.502,0
26-35,59858.3,11,2.31,0,5.0,0.182,0.555,0
46-55,29772.61,6,1.4,0,5.0,0.104,0.777,0
36-45,75195.53,8,2.26,0,9.0,0.212,0.678,0
36-45,29715.42,3,3.4,1,0.0,0.784,0.419,1
26-35,66852.23,7,2.08,0,6.0,0.527,0.592,0
46-55,91585.95,13,1.23,0,6.0,0.572,0.321,0
26-35,72980.46,12,0.88,1,25.0,0.486,0.248,1
46-55,58728.75,8,0.68,0,12.0,0.588,0.529,0
26-35,41345.69,11,3.47,0,12.0,0.165,0.517,0
26-35,34553.42,5,2.48,0,18.0,0.297,0.302,0
26-35,100201.46,8,2.81,0,1.0,0.566,0.447,0
26-35,32411.3,6,0.8,0,0.0,0.251,0.288,0
36-45,28587.52,14,1.76,0,3.0,0.499,0.203,0
36-45,69285.56,11,0.45,1,16.0,0.546,0.348,0
26-35,30822.77,11,1.92,0,16.0,0.083,0.293,0
46-55,31444.11,1,2.73,0,4.0,0.31,0.754,0
26-35,22011.62,9,1.52,0,19.0,0.202,0.356,0
36-45,38134.97,3,3.53,1,11.0,0.415,0.453,1
56+,52417.1,6,0.56,1,16.0,0.773,0.459,0
36-45,55626.09,7,1.99,1,8.0,0.448,0.546,0
18-25,73473.44,7,1.13,0,16.0,0.111,0.333,0
56+,71968.72,8,1.53,0,18.0,0.429,0.894,0
36-45,44388.98,8,1.62,0,5.0,0.034,0.388,0
26-35,42063.61,10,1.8,1,9.0,0.565,0.242,0
18-25,58412.31,5,1.88,0,13.0,0.628,0.469,0
46-55,99881.17,12,1.21,0,10.0,0.594,0.442,0
36-45,52348.75,8,0.38,0,14.0,0.399,0.344,1
36-45,38409.19,8,1.96,0,7.0,0.367,0.314,0
46-55,30751.98,5,1.53,0,9.0,0.25,0.353,0
46-55,24306.36,8,0.77,0,8.0,0.383,0.33,0
26-35,65937.34,10,1.49,0,3.0,0.183,0.394,0
26-35,62978.51,4,2.18,0,2.0,0.03,0.154,0
26-35,62958.37,11,0.77,0,29.0,0.244,0.294,0
36-45,,2,3.77,0,11.0,0.266,0.58,0
18-25,93116.44,10,1.22,0,21.0,0.209,0.48,0
36-45,38111.01,3,1.08,0,17.0,0.025,0.313,0
46-55,84688.92,8,3.3,0,7.0,0.438,0.188,0
46-55,50506.32,7,3.82,1,8.0,0.478,0.312,1
26-35,33984.42,7,2.29,0,2.0,0.676,0.408,0
46-55,70130.69,8,1.47,1,16.0,0.899,0.689,1
18-25,55437.46,9,2.06,0,6.0,0.417,0.258,0
46-55,62045.66,14,2.96,0,11.0,0.327,0.765,0
18-25,46735.75,7,4.23,0,5.0,0.351,0.248,1
26-35,45720.2,5,1.1,1,5.0,0.455,0.097,0
46-55,165000.0,8,1.11,0,2.0,0.367,0.229,0
18-25,82935.08,8,2.02,0,10.0,0.369,0.587,0
26-35,67905.34,4,1.56,1,7.0,0.566,0.306,0
36-45,51955.12,6,0.49,0,17.0,0.229,0.133,0
36-45,82761.79,10,1.14,1,10.0,0.338,0.21,1
36-45,64174.25,7,0.91,0,4.0,0.202,0.112,0
36-45,49693.35,6,5.74,0,8.0,0.442,0.619,1
36-45,41862.53,5,2.01,1,23.0,0.367,0.367,0
26-35,44708.68,4,1.07,0,6.0,0.099,0.643,0
26-35,15000.0,3,2.06,0,26.0,0.383,0.447,0
26-35,52026.71,9,2.31,0,5.0,0.289,0.55,0
56+,42446.19,7,2.05,0,6.0,0.573,0.11,0
36-45,112216.85,10,1.62,0,6.0,0.186,0.71,0
26-35,47101.44,7,1.68,0,23.0,0.578,0.471,0
26-35,25128.02,11,2.72,0,8.0,0.136,0.535,0
56+,53319.76,16,2.21,0,3.0,0.125,0.839,0
26-35,27065.55,9,1.97,0,12.0,0.406,0.135,0
36-45,62703.46,10,1.75,0,12.0,0.597,0.219,0
36-45,57027.71,11,1.57,0,15.0,0.393,0.583,0
36-45,80666.34,3,2.35,0,8.0,0.386,0.316,0
18-25,29695.22,5,1.92,1,14.0,0.57,0.609,1
46-55,52453.6,8,1.94,0,6.0,0.608,0.288,0
56+,26908.26,8,4.94,1,4.0,0.507,0.607,1
36-45,70599.43,3,0.82,0,15.0,0.42,0.593,0
36-45,64203.5,6,1.21,0,3.0,0.708,0.476,1
56+,70814.47,7,7.5,0,4.0,0.312,0.27,0
36-45,49062.09,14,1.58,0,1.0,0.277,0.405,0
26-35,,6,1.81,0,8.0,0.602,0.531,0
36-45,112899.84,12,1.68,0,2.0,0.549,0.291,0
36-45,42266.54,8,2.28,0,13.0,0.384,0.189,0
26-35,50115.99,4,1.3,0,8.0,0.381,0.5,0
36-45,27867.44,6,0.33,0,11.0,0.349,0.765,0
56+,34839.4,8,3.42,0,,0.499,0.562,0
56+,57576.1,9,0.25,0,20.0,0.75,0.341,0
26-35,82788.58,10,5.69,1,9.0,0.293,0.414,1
18-25,39211.84,6,2.57,0,4.0,0.466,0.35,0
56+,48403.31,7,0.99,0,11.0,0.016,0.295,0
46-55,41706.81,9,1.03,1,4.0,0.675,0.16,0
18-25,33925.65,6,0.36,0,8.0,0.286,0.205,0
56+,63792.13,5,0.9,0,10.0,0.827,0.21,0
46-55,23657.28,6,0.99,1,2.0,0.338,0.662,0
36-45,95424.3,6,2.89,0,8.0,0.511,0.193,0
36-45,,6,2.07,0,10.0,0.517,0.418,0
26-35,67872.74,10,0.34,0,8.0,0.521,0.365,0
18-25,23146.54,4,0.37,0,9.0,0.582,0.266,0
26-35,66025.54,3,0.79,0,7.0,0.274,0.256,0
46-55,73087.4,8,0.84,0,18.0,0.456,0.289,1
18-25,54709.09,9,4.11,1,11.0,0.456,0.452,1
26-35,27802.94,5,0.94,0,0.0,0.694,0.6,0
26-35,53091.13,3,4.55,0,10.0,0.147,0.456,0
36-45,26497.64,8,2.21,0,15.0,0.566,0.346,0
56+,47981.13,6,2.63,1,7.0,0.897,0.582,1
26-35,79641.84,4,1.69,1,1.0,0.572,0.247,1
26-35,70564.68,6,0.87,0,7.0,0.183,0.578,0
36-45,49409.36,10,1.12,0,3.0,0.437,0.071,1
26-35,28088.08,8,4.5,0,17.0,0.592,0.655,0
26-35,65232.01,4,2.57,1,0.0,0.348,0.691,0
26-35,47102.35,7,2.51,0,9.0,0.145,0.84,0
18-25,15000.0,5,3.33,0,8.0,0.553,0.636,0
26-35,70050.21,11,2.67,0,6.0,0.13,0.129,0
36-45,48406.96,5,0.8,1,6.0,0.248,0.494,0
26-35,87140.29,7,1.03,0,8.0,0.128,0.346,0
56+,30960.25,5,1.93,0,8.0,0.307,0.281,0
26-35,15000.0,5,5.26,0,6.0,0.622,0.278,0
36-45,56676.99,7,3.03,0,12.0,0.31,0.727,0
36-45,57045.99,13,1.3,1,17.0,0.872,0.339,1
18-25,18598.77,5,2.38,1,11.0,0.494,0.589,1
36-45,29471.54,6,0.35,0,9.0,0.344,0.458,0
26-35,165000.0,8,0.87,0,2.0,0.088,0.267,0
56+,46680.53,8,1.51,0,9.0,0.278,0.328,0
18-25,65519.21,6,2.66,0,7.0,0.292,0.355,0
26-35,33244.91,6,3.26,0,13.0,0.437,0.76,0
18-25,15108.95,4,1.06,0,1.0,0.677,0.756,0
56+,50084.44,10,1.3,0,1.0,0.307,0.646,0
36-45,42697.07,8,3.29,0,5.0,0.397,0.238,0
36-45,39817.56,9,1.51,0,15.0,0.513,0.74,0
18-25,42208.92,12,1.14,0,21.0,0.268,0.491,0
36-45,56242.02,10,2.96,1,15.0,0.509,0.179,0
26-35,43128.49,5,2.12,0,12.0,0.568,0.472,0
46-55,26707.96,8,2.15,0,10.0,0.287,0.514,0
26-35,60042.99,10,0.46,0,27.0,0.418,0.608,0
26-35,16921.27,8,0.85,1,5.0,0.604,0.4,1
18-25,15426.07,8,1.83,1,9.0,0.91,0.04,0
36-45,71996.58,7,1.54,0,0.0,0.331,0.384,0
36-45,63809.06,3,2.84,0,7.0,0.49,0.423,1
18-25,43484.26,3,1.89,0,4.0,0.374,0.189,0
46-55,24943.46,5,0.76,0,6.0,0.314,0.313,0
26-35,32269.77,2,1.3,0,5.0,0.638,0.817,0
36-45,42760.57,10,0.77,1,13.0,1.0,0.082,1
26-35,20335.74,7,3.26,0,3.0,0.44,0.638,0
26-35,31751.81,8,1.44,1,1.0,0.777,0.39,1
36-45,68817.39,6,1.5,0,7.0,0.054,0.403,0
26-35,97948.66,9,0.95,1,18.0,0.466,0.643,1
26-35,37492.42,11,0.74,1,8.0,0.343,0.582,1
46-55,76372.19,9,1.32,0,19.0,0.181,0.811,0
56+,20225.28,3,0.87,0,6.0,0.083,0.726,0
26-35,65703.97,4,0.17,0,11.0,0.726,0.85,1
26-35,30697.82,7,1.37,1,2.0,0.306,0.638,0
36-45,57516.07,10,1.48,0,11.0,0.251,0.374,0
26-35,40993.5,4,1.19,0,7.0,0.104,0.309,0
18-25,89019.91,5,0.71,1,5.0,0.359,0.069,0
26-35,29593.01,10,1.46,0,33.0,0.46,0.448,1
36-45,67938.3,7,1.57,0,3.0,0.491,0.484,0
36-45,42389.51,4,0.85,0,13.0,0.273,0.439,0
18-25,41261.34,3,1.68,1,14.0,0.31,0.527,0
26-35,42378.48,4,0.75,1,7.0,0.267,0.407,0
26-35,30038.95,5,4.42,0,4.0,,0.33,0
36-45,48662.72,7,0.68,0,12.0,0.517,0.512,1
18-25,43365.65,5,0.2,0,4.0,0.498,0.794,0
18-25,50789.5,6,1.16,0,11.0,0.61,0.178,0
46-55,53849.19,7,1.71,0,3.0,0.2,0.472,0
26-35,70612.13,9,3.96,0,,0.474,0.245,0
36-45,79239.05,9,1.44,0,12.0,0.169,0.596,0
26-35,27002.26,6,0.89,0,2.0,0.466,0.063,0
18-25,70386.85,7,2.23,0,2.0,0.185,0.257,0
26-35,25162.37,5,1.4,0,11.0,0.645,0.6,0
36-45,66548.42,9,1.3,0,9.0,0.135,0.834,0
46-55,71129.98,16,2.23,0,13.0,0.589,0.794,1
46-55,19074.64,4,2.03,0,4.0,0.201,0.208,0
26-35,48939.94,3,1.43,0,7.0,0.398,0.256,0
36-45,38421.87,8,1.51,0,10.0,0.658,0.192,0
26-35,31427.61,7,3.05,0,11.0,0.407,0.726,0
26-35,94131.05,6,1.23,0,3.0,0.07,0.217,0
46-55,36683.67,7,3.2,0,16.0,0.377,0.254,0
18-25,29456.92,3,0.8,0,9.0,0.452,0.376,0
18-25,46600.26,5,1.31,0,5.0,0.315,0.292,0
26-35,66603.12,15,2.24,0,12.0,0.098,0.318,0
18-25,41620.28,6,2.45,0,9.0,0.231,0.26,0
26-35,85520.61,3,1.51,0,11.0,0.491,0.191,0
36-45,64608.89,6,1.93,0,9.0,0.193,0.33,0
26-35,15022.89,5,1.77,0,5.0,0.236,0.604,0
46-55,39131.27,6,1.27,0,8.0,0.476,0.561,0
46-55,38478.01,5,3.58,0,18.0,0.575,0.295,0
26-35,59830.31,7,0.98,1,4.0,,0.528,0
26-35,15000.0,3,4.17,0,8.0,0.697,0.673,1
26-35,165000.0,15,0.59,0,1.0,0.329,0.263,0
36-45,64610.59,13,1.83,0,15.0,0.251,0.543,0
26-35,50383.34,10,1.52,1,11.0,0.731,0.507,1
36-45,90618.64,10,0.77,0,14.0,0.052,0.518,0
26-35,157739.48,10,4.03,0,10.0,0.625,0.698,1
36-45,77094.58,9,4.19,1,12.0,0.525,0.255,1
26-35,76372.87,9,0.53,0,8.0,0.452,0.213,0
26-35,49909.11,7,0.53,1,10.0,0.403,0.217,0
56+,50838.37,12,2.08,0,4.0,0.61,0.337,1
46-55,40238.78,10,4.84,0,14.0,0.515,0.628,1
18-25,29156.17,7,1.56,0,3.0,0.535,0.26,0
46-55,36053.26,7,3.12,1,7.0,0.502,0.472,0
36-45,24287.35,6,1.34,0,18.0,0.628,0.194,0
46-55,49540.55,8,5.06,0,4.0,0.409,0.572,1
46-55,21460.58,2,2.83,0,12.0,0.55,0.551,0
26-35,51496.88,6,0.54,0,7.0,0.244,0.218,0
18-25,43963.19,8,2.39,0,8.0,0.114,0.154,0
26-35,50332.5,9,1.46,1,5.0,0.249,0.195,0
36-45,37365.07,10,0.66,0,8.0,0.731,0.846,1
36-45,165000.0,12,2.92,0,3.0,0.578,0.817,1
26-35,94585.58,12,1.57,0,15.0,0.448,0.508,0
18-25,23454.97,10,1.55,1,7.0,0.374,0.923,1
46-55,58168.04,13,1.33,1,23.0,0.438,0.683,1
56+,39888.24,9,1.07,1,11.0,0.512,0.79,1
36-45,28925.26,4,4.41,0,22.0,0.499,0.694,0
26-35,23229.13,8,0.3,0,6.0,0.487,0.557,0
26-35,58381.4,6,4.45,0,6.0,0.28,0.449,0
18-25,31435.16,8,2.39,0,10.0,0.31,0.357,0
56+,90514.88,9,1.52,0,6.0,0.66,0.645,1
18-25,75114.34,3,5.25,1,6.0,0.368,0.158,0
36-45,100151.12,15,2.48,0,18.0,0.1,0.437,0
26-35,29934.26,2,1.57,0,11.0,0.666,0.627,1
36-45,62767.34,5,0.97,0,16.0,0.27,0.08,0
36-45,68109.79,6,4.58,1,13.0,0.793,0.562,1
46-55,40272.63,12,1.98,1,3.0,0.635,0.1,1
26-35,31215.77,7,4.04,0,7.0,0.258,0.197,0
18-25,103461.08,12,3.41,1,0.0,0.591,0.263,1
18-25,50427.8,12,4.12,0,5.0,0.354,0.592,0
56+,76168.5,7,0.44,0,17.0,0.225,0.145,0
46-55,33608.04,3,3.79,0,4.0,0.288,0.251,0
36-45,26003.13,12,0.86,0,15.0,0.106,0.4,0
36-45,36456.9,7,0.95,0,9.0,0.283,0.223,0
36-45,45959.18,11,2.67,1,7.0,0.531,0.179,0
26-35,26812.02,6,2.35,0,6.0,0.502,0.492,1
56+,54441.43,5,2.18,0,17.0,0.37,0.337,0
26-35,,4,0.89,0,7.0,0.605,0.172,0
26-35,26044.85,5,0.62,0,14.0,0.077,0.14,0
36-45,69485.53,3,4.02,0,6.0,0.347,0.315,0
18-25,61326.73,8,2.47,0,7.0,0.565,0.455,0
26-35,38033.56,8,1.8,0,12.0,0.258,0.128,0
36-45,28875.9,5,4.59,0,21.0,0.181,0.873,0
18-25,26258.63,9,3.39,1,21.0,0.386,0.69,1
36-45,40372.35,8,3.62,0,20.0,0.279,0.356,0
26-35,65195.75,5,2.18,0,9.0,0.24,0.206,0
26-35,75560.41,8,0.51,0,5.0,0.318,0.504,0
26-35,36019.06,7,0.73,1,10.0,0.487,0.306,0
26-35,25595.81,8,0.56,0,16.0,0.25,0.37,0
36-45,56346.69,8,0.26,0,24.0,0.441,0.444,0
26-35,30386.75,2,1.23,0,6.0,0.387,0.252,0
36-45,37440.51,10,2.94,0,11.0,0.474,0.588,0
36-45,97649.87,3,1.31,0,8.0,0.606,0.234,0
36-45,75365.13,7,2.34,0,1.0,0.754,0.869,1
56+,59405.77,5,1.13,0,7.0,0.365,0.257,0
36-45,25301.07,5,1.73,0,13.0,0.442,0.521,0
26-35,52048.24,6,1.1,0,16.0,0.673,0.76,1
18-25,77853.32,4,1.87,0,24.0,0.503,0.132,0
26-35,38356.16,2,1.28,0,9.0,0.534,0.443,1
36-45,98970.72,8,1.16,1,4.0,0.731,0.297,0
18-25,87748.28,2,2.22,0,2.0,0.368,0.69,0
36-45,116441.13,11,0.39,0,6.0,0.47,0.192,0
36-45,57453.23,5,2.59,0,18.0,0.047,0.239,0
26-35,,3,2.11,0,3.0,0.302,0.487,0
46-55,107514.11,12,3.29,0,4.0,0.312,0.572,0
18-25,56536.68,3,2.06,0,3.0,0.252,0.384,0
18-25,34522.21,3,3.2,0,11.0,0.142,0.197,0
36-45,38822.6,5,1.79,0,9.0,0.217,0.382,0
36-45,55495.02,11,0.88,0,19.0,0.591,0.597,0
36-45,25056.99,6,1.29,0,5.0,0.243,0.316,0
26-35,43282.57,6,2.57,1,11.0,0.999,0.671,1
26-35,82471.21,6,2.16,0,4.0,0.143,0.404,0
46-55,16490.64,5,0.97,0,8.0,0.534,0.652,0
46-55,114454.28,11,1.57,0,0.0,0.331,0.868,0
36-45,87871.83,9,2.61,0,10.0,0.475,0.664,0
26-35,36714.33,6,1.3,1,8.0,0.801,0.203,1
36-45,,8,2.69,0,11.0,0.158,0.428,0
26-35,46706.42,6,1.18,0,3.0,0.301,0.341,0
18-25,84931.05,5,0.91,0,7.0,0.155,0.645,0
56+,91216.88,8,0.65,1,4.0,0.626,0.103,0
18-25,21632.74,5,2.47,0,9.0,0.34,0.245,0
56+,74263.62,11,1.17,1,2.0,0.415,0.379,0
26-35,41901.36,10,2.12,0,4.0,0.407,0.267,0
26-35,48682.4,3,0.64,0,11.0,0.469,0.502,0
36-45,33568.74,7,1.19,0,4.0,0.334,0.735,0
46-55,127903.49,18,1.72,1,15.0,0.533,0.247,0
36-45,84190.06,9,2.79,0,4.0,0.346,0.422,0
46-55,35077.63,9,0.51,0,5.0,0.235,0.499,0
36-45,24489.57,6,1.14,0,5.0,0.039,0.758,0
36-45,40112.78,9,2.07,0,7.0,0.212,0.397,0
46-55,64598.17,9,2.46,0,4.0,0.405,0.465,0
26-35,52833.83,4,0.98,0,7.0,0.237,0.379,0
36-45,94054.44,9,3.12,0,22.0,0.263,0.089,0
26-35,70316.25,6,1.24,0,2.0,0.451,0.06,0
56+,90596.96,18,0.97,0,13.0,0.107,0.52,0
56+,64858.6,13,0.68,0,9.0,0.431,0.692,0
18-25,21754.26,3,2.68,0,8.0,0.47,0.29,0
36-45,44277.71,7,3.71,1,5.0,0.505,0.553,1
56+,,5,2.13,0,7.0,0.454,0.437,0
26-35,45397.31,14,5.06,0,11.0,0.334,0.126,0
36-45,63678.8,5,1.22,1,2.0,0.415,0.113,0
56+,46362.72,8,1.86,0,4.0,0.261,0.63,0
18-25,26225.77,6,1.59,0,8.0,0.732,0.398,1
36-45,45975.37,7,0.25,0,4.0,0.222,0.683,0
26-35,54759.42,5,0.46,0,3.0,0.157,0.701,0
56+,38911.39,14,1.11,1,1.0,0.445,0.385,0
56+,48408.47,10,3.47,0,5.0,0.314,0.347,0
56+,33573.06,6,1.34,1,21.0,0.741,0.259,1
36-45,87728.96,10,4.24,0,8.0,0.4,0.518,1
46-55,44217.81,5,1.02,1,23.0,0.768,0.262,0
46-55,109692.13,10,4.65,1,16.0,0.35,0.454,1
26-35,103254.17,8,0.77,0,10.0,0.311,0.623,0
46-55,49407.43,5,0.67,0,2.0,0.18,0.427,0
18-25,26518.73,4,2.53,0,13.0,0.344,0.418,0
36-45,16569.73,7,0.32,0,19.0,0.536,0.356,0
26-35,21688.57,4,0.49,0,22.0,0.373,0.337,0
18-25,21929.89,1,2.42,0,4.0,0.774,0.278,0
18-25,91748.3,9,4.83,1,15.0,0.571,0.391,0
36-45,52063.99,11,3.58,0,15.0,0.343,0.231,1
26-35,57102.0,5,2.02,0,14.0,0.673,0.477,0
36-45,15450.26,11,2.34,0,5.0,0.383,0.096,0
18-25,24029.98,8,1.5,1,4.0,0.611,0.572,0
26-35,73960.13,7,0.67,0,12.0,0.464,0.055,0
36-45,56904.09,7,1.76,1,13.0,0.9,0.276,1
46-55,47736.58,8,0.98,0,0.0,0.2,0.544,0
26-35,62549.78,8,2.48,0,0.0,0.433,0.335,1
36-45,114761.9,7,3.92,1,5.0,0.634,0.511,1
46-55,45938.46,9,0.67,0,9.0,0.359,0.358,0
36-45,50821.37,9,0.34,0,11.0,0.29,0.871,0
26-35,51541.9,4,5.82,1,6.0,0.58,0.191,1
18-25,155421.65,8,3.65,1,7.0,0.877,0.221,1
46-55,17297.8,6,0.31,0,6.0,0.309,0.114,0
18-25,63912.87,8,2.94,1,2.0,0.308,0.195,0
46-55,48547.74,5,1.59,0,,0.269,0.322,0
36-45,65822.78,9,4.0,0,14.0,0.216,0.462,0
56+,38877.32,8,2.43,0,6.0,0.273,0.692,0
46-55,50238.56,7,2.7,1,1.0,0.483,0.611,0
56+,79215.99,10,2.95,0,1.0,0.743,0.161,0
26-35,165000.0,11,0.28,1,2.0,0.389,0.193,1
46-55,78447.02,4,2.64,0,16.0,0.36,0.879,0
26-35,30001.6,5,3.91,0,5.0,0.602,0.308,0
36-45,39326.15,9,1.87,0,11.0,0.364,0.326,0
36-45,38724.38,8,0.7,0,12.0,0.149,0.502,0
46-55,20257.2,3,1.48,0,6.0,0.317,0.218,0
56+,46090.08,6,1.37,0,6.0,0.493,0.539,0
46-55,75438.36,10,1.93,0,11.0,0.501,0.102,0
26-35,24038.19,3,4.46,1,8.0,0.615,0.248,1
26-35,80435.51,5,1.41,0,9.0,0.758,0.11,0
36-45,63173.67,7,0.98,0,11.0,0.565,0.548,0
26-35,31831.09,8,3.44,1,11.0,0.888,0.508,1
18-25,41622.85,10,1.02,0,7.0,0.589,0.267,0
26-35,107058.14,9,1.7,0,7.0,0.343,0.454,0
26-35,68284.96,9,3.48,0,16.0,0.3,0.805,0
26-35,46843.5,8,1.15,1,7.0,0.526,0.216,0
26-35,41208.7,5,2.96,0,1.0,0.371,0.694,0
18-25,46622.42,3,1.47,0,4.0,0.294,0.153,0
18-25,34333.71,4,0.55,0,9.0,0.423,0.341,0
56+,18316.0,7,2.4,0,15.0,0.385,0.432,0
26-35,134851.91,7,2.05,0,3.0,0.371,0.624,0
26-35,50552.57,10,2.08,0,16.0,0.723,0.255,0
36-45,60296.94,12,0.66,1,11.0,0.586,0.164,1
26-35,45246.83,6,2.25,1,4.0,0.224,0.6,1
56+,37336.97,8,2.3,1,3.0,0.853,0.772,1
46-55,46785.06,3,4.15,0,3.0,0.267,0.763,0
18-25,19502.83,3,2.18,0,,0.111,0.427,0
26-35,152372.73,18,1.11,0,4.0,0.359,0.657,0
46-55,27120.73,11,3.31,0,7.0,0.206,0.494,0
56+,31996.36,5,4.65,0,7.0,0.251,0.619,0
26-35,37088.61,6,2.62,1,11.0,0.468,0.671,1
36-45,,8,1.64,0,13.0,0.276,0.185,0
26-35,46983.17,6,0.59,1,6.0,0.372,0.55,0
56+,28773.48,3,1.53,0,22.0,0.7,0.421,0
26-35,89523.46,9,3.24,0,3.0,0.242,0.493,0
56+,80027.08,11,1.49,0,8.0,0.237,0.262,0
36-45,64859.99,11,0.62,0,9.0,0.179,0.767,0
36-45,71124.12,8,2.5,0,4.0,0.305,0.353,0
36-45,165000.0,11,1.82,0,17.0,0.084,0.81,0
26-35,145255.47,11,1.3,0,7.0,0.701,0.753,1
26-35,32627.41,7,0.94,0,7.0,0.179,0.698,0
26-35,108490.75,10,1.33,0,11.0,0.36,0.261,0
26-35,56911.2,5,0.75,0,7.0,0.076,0.69,0
46-55,66804.77,13,2.18,0,,0.403,0.19,0
26-35,19341.71,5,0.93,0,12.0,0.464,0.575,0
18-25,41002.95,5,0.27,0,18.0,0.254,0.633,0
56+,35858.35,6,2.82,0,6.0,0.11,0.226,0
46-55,79268.06,9,2.29,0,11.0,0.366,0.212,0
56+,95507.67,6,1.48,0,5.0,0.358,0.572,0
56+,18606.52,5,0.69,0,27.0,0.788,0.752,1
26-35,46098.78,5,4.18,0,11.0,0.071,0.128,0
26-35,83563.99,7,2.98,1,6.0,0.246,0.883,0
46-55,46766.71,8,0.52,0,11.0,0.422,0.84,0
36-45,71618.81,13,2.19,0,19.0,,0.646,1
26-35,55971.96,9,1.15,1,25.0,0.491,0.716,1
46-55,61553.58,5,0.89,0,3.0,0.128,0.251,0
26-35,40494.29,11,3.68,1,19.0,0.302,0.646,0
26-35,24769.74,4,3.21,0,9.0,0.255,0.533,0
36-45,27359.1,11,0.99,1,10.0,0.247,0.458,0
36-45,70888.49,9,1.54,0,2.0,0.642,0.671,1
36-45,49519.33,4,1.25,0,1.0,0.265,0.366,0
18-25,41688.21,3,1.04,0,3.0,0.657,0.455,0
46-55,41339.64,6,1.93,1,3.0,0.616,0.521,1
26-35,39787.25,7,0.75,0,9.0,0.679,0.453,0
18-25,77218.48,4,0.63,0,4.0,0.505,0.274,0
46-55,43289.83,9,1.45,0,11.0,0.798,0.656,0
56+,27245.57,6,1.33,0,4.0,0.434,0.727,0
46-55,75864.1,4,0.44,0,16.0,0.65,0.284,0
46-55,46326.25,9,3.17,0,11.0,0.569,0.369,0
36-45,49827.68,3,5.83,0,6.0,0.392,0.15,0
36-45,113090.17,10,3.73,1,4.0,0.249,0.478,1
18-25,44325.19,6,0.58,0,3.0,0.455,0.212,0
26-35,54196.71,3,3.49,1,6.0,0.583,0.495,1
26-35,25259.56,11,0.8,1,10.0,0.822,0.639,1
26-35,41596.52,5,2.31,0,8.0,0.393,0.813,0
36-45,67302.56,4,1.26,1,7.0,0.477,0.466,0
36-45,21833.61,9,2.61,1,8.0,0.728,0.535,0
18-25,49733.77,8,1.62,1,6.0,0.791,0.215,0
26-35,49139.15,8,2.99,0,19.0,0.302,0.143,0
36-45,50084.63,7,3.8,1,11.0,0.825,0.404,1
18-25,76827.86,6,1.85,0,11.0,0.778,0.452,0
46-55,61322.86,11,1.1,0,9.0,0.139,0.198,0
36-45,105725.08,11,2.37,0,2.0,0.484,0.536,0
36-45,29241.19,7,6.31,1,8.0,0.502,0.279,1
36-45,52611.01,3,0.8,0,18.0,0.336,0.249,0
46-55,53848.12,10,0.78,0,14.0,0.155,0.574,0
26-35,26741.92,8,1.37,0,5.0,0.158,0.324,0
36-45,80601.57,7,1.44,0,8.0,0.244,0.636,0
36-45,164198.3,16,1.63,0,14.0,0.442,0.29,0
26-35,46219.49,6,3.75,0,3.0,0.09,0.313,0
46-55,67010.93,11,2.63,0,15.0,0.245,0.531,0
46-55,53849.57,4,2.3,0,6.0,0.565,0.799,0
36-45,33824.34,8,1.78,0,13.0,0.505,0.642,0
46-55,19994.34,8,1.02,0,6.0,0.078,0.167,0
46-55,35703.28,3,1.39,1,12.0,0.285,0.326,0
36-45,23770.05,4,1.23,0,7.0,0.503,0.274,0
46-55,125008.01,10,1.77,0,11.0,0.543,0.801,1
36-45,46172.65,11,0.72,0,3.0,0.418,0.453,0
36-45,40950.61,11,0.84,0,7.0,0.15,0.41,0
36-45,77836.05,6,0.71,0,10.0,0.285,0.566,0
46-55,28758.52,9,0.43,0,6.0,,0.154,0
26-35,31295.53,4,3.06,0,3.0,0.544,0.254,0
46-55,53391.01,11,3.01,0,3.0,0.246,0.573,0
46-55,87988.37,8,1.54,1,25.0,0.27,0.535,0
18-25,58155.53,5,1.7,0,1.0,0.424,0.188,0
46-55,58637.46,6,0.63,0,9.0,0.26,0.256,0
18-25,46659.01,7,6.72,0,2.0,0.371,0.603,1
26-35,57418.55,5,1.82,0,17.0,0.451,0.33,0
36-45,54440.28,6,1.94,0,12.0,0.498,0.593,0
26-35,27293.79,4,2.27,1,11.0,0.429,0.588,0
46-55,52783.88,8,3.26,0,2.0,0.471,0.371,0
46-55,29486.33,8,2.37,0,8.0,0.476,0.267,0
36-45,51131.85,10,1.81,0,3.0,0.385,0.299,0
18-25,34893.75,4,1.67,0,8.0,0.78,0.532,1
26-35,165000.0,14,0.82,0,3.0,0.249,0.477,0
36-45,48014.34,3,3.29,0,1.0,0.516,0.903,1
56+,26365.07,7,2.36,1,20.0,0.239,0.143,0
36-45,45717.04,6,1.85,0,14.0,0.553,0.252,0
26-35,,5,1.37,0,2.0,0.063,0.365,0
36-45,117025.75,6,1.51,0,33.0,0.396,0.239,0
36-45,36079.67,10,1.6,0,9.0,0.12,0.629,0
46-55,22632.39,10,1.07,1,9.0,1.0,0.23,1
18-25,68511.39,11,2.88,1,18.0,0.566,0.598,1
46-55,25136.81,8,0.96,0,12.0,0.258,0.293,1
36-45,39073.48,9,3.0,0,5.0,0.134,0.749,0
56+,47860.1,13,2.64,0,9.0,0.308,0.25,0
26-35,44971.79,3,1.68,0,8.0,0.433,0.498,0
36-45,70148.21,4,0.59,0,34.0,0.611,0.371,1
56+,38350.01,9,1.95,0,6.0,0.248,0.469,0
18-25,38857.67,7,1.35,1,7.0,0.805,0.495,1
56+,54316.29,8,2.81,0,20.0,0.288,0.475,0
36-45,52986.42,3,1.78,0,9.0,0.189,0.333,0
18-25,47139.67,6,2.7,0,7.0,0.308,0.649,0
26-35,58496.55,13,0.77,0,9.0,0.409,0.586,0
36-45,,13,1.71,0,11.0,0.461,0.493,0
18-25,54949.49,8,0.71,0,5.0,0.566,0.314,0
36-45,62060.47,9,0.92,0,6.0,0.487,0.117,0
26-35,20480.82,3,2.09,0,5.0,0.325,0.346,0
36-45,50318.01,9,0.73,0,10.0,0.064,0.561,0
18-25,57488.71,8,0.74,0,19.0,,0.322,0
46-55,75286.0,12,2.0,1,5.0,0.555,0.371,1
56+,38176.58,6,0.75,0,5.0,0.351,0.493,0
56+,38843.64,8,3.38,1,0.0,0.502,0.151,0
36-45,36368.84,7,0.37,0,4.0,0.559,0.166,0
18-25,59215.3,8,3.57,0,4.0,0.322,0.444,0
46-55,88222.57,9,2.56,1,10.0,0.896,0.375,1
18-25,36247.32,5,0.54,1,10.0,0.555,0.332,0
18-25,,6,1.12,1,1.0,0.448,0.33,0
26-35,49722.33,10,4.51,1,1.0,0.478,0.308,1
36-45,45952.86,10,1.93,0,6.0,0.19,0.527,0
46-55,46169.75,7,1.59,0,7.0,0.512,0.728,0
36-45,72275.31,9,4.92,0,6.0,0.391,0.445,0
26-35,55232.15,8,2.73,1,2.0,0.749,0.281,1
26-35,152272.84,9,1.47,1,10.0,0.479,0.323,1
56+,35131.14,8,2.28,1,3.0,1.0,0.081,1
26-35,61047.83,9,1.15,0,16.0,0.385,0.343,0
26-35,35412.33,5,1.86,0,12.0,0.479,0.39,0
26-35,29672.35,11,3.66,1,18.0,0.423,0.43,1
46-55,51243.76,12,1.65,0,9.0,0.133,0.594,0
36-45,52650.09,2,1.82,0,6.0,0.26,0.647,0
26-35,165000.0,12,1.05,1,7.0,0.368,0.625,1
18-25,40710.62,3,3.52,0,5.0,0.222,0.386,0
36-45,27236.33,4,1.57,0,7.0,0.449,0.245,0
36-45,56498.29,12,1.23,1,15.0,0.625,0.154,0
26-35,15854.16,7,1.11,1,4.0,0.389,0.118,1
56+,52165.8,13,3.46,0,5.0,0.428,0.435,0
26-35,47020.23,6,1.71,0,6.0,0.06,0.373,0
26-35,70487.61,8,2.92,1,7.0,0.318,0.306,1
56+,90788.11,9,1.14,0,10.0,0.296,0.336,0
26-35,35887.48,5,2.13,0,12.0,0.149,0.35,0
36-45,45328.02,5,3.31,1,4.0,0.804,0.409,1
26-35,31307.63,4,3.89,0,2.0,0.44,0.492,0
26-35,25936.52,9,1.77,0,3.0,0.194,0.348,0
56+,64289.09,5,1.8,1,18.0,0.614,0.368,1
26-35,24046.28,4,2.89,0,3.0,0.599,0.109,0
46-55,41539.25,11,1.63,0,8.0,0.453,0.262,0
26-35,27792.17,9,2.36,0,7.0,0.279,0.467,0
26-35,62058.65,8,2.54,0,9.0,0.483,0.415,0
18-25,114318.5,4,0.47,1,9.0,0.454,0.33,0
36-45,24913.73,6,2.91,0,5.0,0.123,0.2,0
26-35,17790.69,7,3.52,0,5.0,0.369,0.176,0
46-55,48293.82,4,1.45,0,23.0,0.225,0.416,0
36-45,49422.59,5,3.18,0,7.0,0.281,0.627,0
56+,61310.28,6,1.75,0,10.0,0.101,0.417,0
26-35,36971.9,4,2.91,0,12.0,0.159,0.619,0
46-55,,2,1.3,0,3.0,0.298,0.308,0
46-55,62386.58,11,1.5,1,14.0,0.286,0.639,0
46-55,88523.56,9,0.75,0,4.0,0.432,0.08,0
46-55,18645.77,2,1.92,0,9.0,0.419,0.516,0
46-55,42537.93,12,0.15,1,10.0,0.83,0.175,0
36-45,54785.49,5,1.46,0,3.0,0.227,0.562,0
18-25,27796.14,3,0.44,0,13.0,0.121,0.414,0
18-25,110217.2,8,3.41,1,14.0,0.188,0.37,0
56+,39323.86,7,4.68,0,8.0,0.178,0.396,0
36-45,47979.44,3,2.29,0,11.0,0.315,0.325,0
46-55,68811.87,5,3.28,0,2.0,0.732,0.648,1
36-45,36045.31,8,0.96,1,6.0,0.688,0.297,0
18-25,17150.49,4,1.39,0,16.0,0.181,0.51,0
18-25,35850.03,3,2.37,0,7.0,0.621,0.498,0
36-45,83726.36,14,1.99,0,6.0,0.446,0.573,0
26-35,39136.65,5,1.38,0,11.0,0.275,0.27,0
26-35,30027.06,6,6.35,1,22.0,0.277,0.143,1
36-45,79328.25,5,0.86,1,8.0,0.317,0.543,0
18-25,37721.94,5,6.07,0,13.0,0.683,0.624,1
36-45,37598.39,2,2.38,1,3.0,0.267,0.419,0
26-35,50398.52,4,1.89,0,6.0,0.539,0.415,0
46-55,,11,1.62,0,20.0,0.172,0.444,0
26-35,160892.39,11,1.02,0,,0.31,0.535,0
26-35,71694.03,6,1.01,0,9.0,0.219,0.058,0
18-25,81888.74,9,4.11,1,8.0,1.0,0.179,0
18-25,34437.37,5,5.7,1,6.0,0.702,0.485,1
26-35,27352.1,5,1.3,0,19.0,0.303,0.34,0
36-45,50635.71,6,1.53,0,6.0,0.449,0.274,0
36-45,51830.2,12,3.89,1,7.0,0.828,0.234,1
26-35,26613.49,10,1.19,0,5.0,0.15,0.197,0
36-45,44750.01,5,0.35,0,2.0,0.692,0.169,0
46-55,63427.01,7,0.79,0,8.0,0.592,0.518,0
46-55,62156.12,10,1.25,0,14.0,0.378,0.803,0
18-25,58234.29,5,1.54,0,12.0,0.295,0.451,0
36-45,57028.23,9,1.22,0,16.0,0.723,0.517,0
18-25,34418.71,5,1.82,0,9.0,0.465,0.222,0
26-35,35695.21,6,1.07,1,8.0,0.394,0.598,0
56+,29335.25,3,2.56,1,32.0,0.407,0.438,0
18-25,113332.7,7,3.67,0,2.0,0.631,0.44,1
36-45,49364.86,11,0.97,0,12.0,0.125,0.636,0
36-45,43611.51,5,1.56,0,20.0,0.187,0.554,0
36-45,30243.24,3,1.1,0,14.0,0.182,0.502,0
36-45,165000.0,15,2.93,0,6.0,0.195,0.128,0
18-25,25638.99,5,0.84,1,7.0,0.668,0.693,1
26-35,37309.34,8,2.73,1,12.0,0.811,0.136,1
36-45,60854.14,6,1.48,1,14.0,0.464,0.339,0
18-25,61212.75,8,5.07,1,5.0,0.336,0.314,1
26-35,76735.88,8,2.75,0,5.0,0.497,0.183,0
18-25,114686.37,8,3.96,0,13.0,0.334,0.471,0
18-25,58290.94,6,4.0,1,4.0,0.339,0.669,0
26-35,26926.44,2,1.2,0,9.0,0.422,0.308,0
18-25,39198.3,6,2.27,0,19.0,0.277,0.298,0
36-45,57530.63,10,3.56,1,13.0,0.207,0.292,0
36-45,143699.21,16,2.74,0,9.0,0.225,0.289,1
46-55,24912.9,2,0.18,1,15.0,0.691,0.446,0
26-35,87145.97,8,0.59,0,20.0,0.362,0.766,1
26-35,51203.11,5,1.13,0,7.0,0.189,0.555,0
18-25,69263.4,4,0.51,0,15.0,0.319,0.696,1
36-45,46488.62,5,5.26,1,11.0,0.605,0.12,1
36-45,31632.33,4,5.1,1,11.0,0.689,0.754,1
18-25,66201.2,8,0.91,0,16.0,0.18,0.272,0
56+,76903.31,12,2.0,1,3.0,0.45,0.474,0
18-25,74270.54,6,0.9,0,3.0,0.6,0.193,0
36-45,48682.83,6,2.43,0,8.0,0.512,0.298,0
36-45,35885.64,2,1.19,0,12.0,,0.42,0
46-55,22912.34,8,1.33,0,6.0,0.476,0.474,0
36-45,75062.33,5,5.61,0,3.0,0.244,0.442,1
46-55,64242.65,14,2.43,1,24.0,0.761,0.407,1
26-35,28220.19,5,3.5,0,14.0,0.209,0.331,0
46-55,38946.4,7,2.99,0,11.0,0.379,0.836,0
18-25,35146.68,2,2.19,0,0.0,0.227,0.521,0
46-55,23833.52,12,0.98,0,2.0,0.103,0.197,0
36-45,32042.07,2,0.14,0,14.0,0.532,0.328,0
46-55,28578.45,7,1.59,0,8.0,0.448,0.397,0
26-35,37628.27,5,1.25,0,8.0,0.162,0.222,0
36-45,33385.51,6,0.51,1,4.0,0.579,0.3,0
36-45,21035.3,6,1.94,0,3.0,0.401,0.158,0
36-45,140329.28,12,1.01,1,4.0,0.36,0.781,1
18-25,85932.83,8,5.28,0,4.0,0.539,0.062,0
18-25,29878.96,5,1.76,0,11.0,0.579,0.565,1
26-35,53726.36,8,0.24,0,7.0,0.399,0.112,0
26-35,57935.28,7,2.46,0,4.0,0.387,0.825,0
46-55,95737.43,14,2.67,1,5.0,0.345,0.184,0
26-35,30464.74,6,1.96,0,9.0,,0.725,0
56+,96557.65,15,2.99,0,4.0,0.36,0.182,0
26-35,35069.58,2,1.78,0,9.0,0.556,0.913,1
26-35,23280.04,6,1.13,0,3.0,0.487,0.305,0
46-55,75098.14,6,3.32,0,,0.646,0.122,0
36-45,95912.77,13,0.75,1,7.0,,0.108,0
36-45,165000.0,14,3.03,0,6.0,0.594,0.336,0
36-45,26268.95,4,0.84,0,8.0,0.488,0.609,0
36-45,70504.95,10,4.14,1,10.0,0.825,0.35,1
26-35,37680.7,6,1.18,0,5.0,0.249,0.336,0
56+,82235.84,9,1.3,0,17.0,0.287,0.371,0
56+,25472.26,3,0.58,1,9.0,0.274,0.423,0
36-45,25421.73,2,1.77,1,3.0,0.762,0.246,0
26-35,31149.24,6,1.79,1,3.0,0.716,0.611,1
36-45,51075.56,6,6.15,0,6.0,0.469,0.352,1
18-25,32100.85,8,3.52,0,21.0,0.215,0.375,0
18-25,63114.65,9,1.05,0,11.0,0.363,0.075,0
26-35,79537.6,4,2.14,1,3.0,0.797,0.103,0
26-35,63689.84,7,1.47,1,4.0,0.528,0.552,0
46-55,119583.43,12,1.09,0,6.0,0.267,0.548,0
36-45,60853.82,9,1.12,0,10.0,0.285,0.61,0
36-45,26035.43,78,1.3,0,10.0,0.121,0.142,0
26-35,94746.08,13,1.9,0,12.0,0.21,0.578,0
26-35,34040.93,6,1.3,0,3.0,0.17,0.77,0
26-35,74863.19,2,0.19,0,8.0,,0.326,0
56+,124037.82,11,1.66,0,15.0,0.618,0.398,0
18-25,56810.57,9,1.77,1,0.0,0.719,0.234,0
46-55,23670.8,8,3.08,0,27.0,0.464,0.2,0
36-45,30410.09,5,0.84,0,6.0,0.368,0.543,0
26-35,92765.23,5,2.4,0,4.0,0.258,0.433,0
36-45,44893.85,7,5.73,0,6.0,0.499,0.284,0
36-45,51091.75,4,1.13,0,10.0,0.516,0.047,0
46-55,76465.02,14,1.89,1,18.0,0.764,0.514,1
56+,78596.93,16,5.03,1,12.0,0.612,0.132,0
26-35,53904.86,6,1.73,0,7.0,0.165,0.545,0
26-35,41835.16,9,0.62,0,5.0,0.115,0.05,0
36-45,41664.82,6,1.61,0,7.0,0.218,0.771,0
56+,85485.96,15,4.85,1,1.0,0.373,0.309,1
26-35,62184.2,7,5.08,0,8.0,0.582,0.063,0
36-45,42881.85,11,3.32,0,18.0,0.308,0.1,1
36-45,86051.26,9,2.58,0,5.0,0.303,0.573,0
36-45,45839.54,7,1.36,1,6.0,0.563,0.537,1
18-25,28771.36,6,1.48,0,10.0,0.289,0.181,0
36-45,33035.41,9,0.87,0,21.0,0.473,0.261,0
56+,32894.3,3,0.77,1,1.0,0.51,0.554,0
26-35,40471.24,8,2.73,0,5.0,0.336,0.538,0
26-35,88568.95,13,1.56,1,12.0,0.769,0.438,0
56+,36002.75,4,2.7,0,9.0,0.574,0.776,1
26-35,51431.57,4,0.52,1,10.0,0.323,0.795,0
46-55,36626.29,11,1.31,0,12.0,0.515,0.424,0
36-45,42814.81,9,0.44,1,11.0,0.254,0.416,0
26-35,21264.17,4,4.27,0,11.0,0.22,0.33,0
46-55,45950.51,9,2.84,1,5.0,0.855,0.396,0
26-35,42161.94,11,1.84,0,12.0,0.547,0.228,0
36-45,64922.51,7,3.94,0,4.0,0.283,0.791,0
26-35,52370.88,5,0.87,0,0.0,0.518,0.559,1
36-45,26287.17,4,3.95,0,6.0,0.084,0.318,0
26-35,81943.32,12,0.23,0,4.0,0.384,0.514,0
26-35,52018.65,5,2.23,0,9.0,0.666,0.651,1
56+,60667.57,5,0.51,0,5.0,0.758,0.419,0
26-35,46407.91,6,1.99,0,6.0,0.563,0.188,0
36-45,37450.15,6,1.3,0,14.0,0.269,0.386,0
26-35,52221.9,7,1.56,1,8.0,0.288,0.688,0
46-55,65993.13,9,4.21,1,4.0,,0.582,1
18-25,18062.88,10,3.87,0,14.0,0.636,0.107,0
56+,41350.69,6,3.8,0,4.0,0.096,0.457,0
26-35,40840.42,4,4.75,0,9.0,0.316,0.11,0
26-35,53274.27,5,1.62,1,4.0,0.292,0.083,0
18-25,83326.48,78,1.84,0,6.0,0.742,0.643,0
26-35,31216.27,13,1.55,1,12.0,0.318,0.445,0
36-45,37837.65,4,1.82,0,12.0,0.51,0.307,0
26-35,35720.58,9,6.42,0,13.0,0.19,0.214,0
46-55,33969.07,6,2.65,1,6.0,0.406,0.47,0
26-35,38927.76,8,0.94,0,3.0,0.428,0.222,0
26-35,69620.7,6,0.48,0,12.0,0.39,0.071,0
36-45,28339.32,11,0.48,0,17.0,0.748,0.498,1
36-45,61234.34,5,0.57,0,22.0,0.519,0.375,0
26-35,19245.08,8,1.95,1,5.0,0.35,0.255,0
26-35,34825.47,9,0.86,0,15.0,0.481,0.301,1
18-25,37747.16,4,2.03,0,5.0,0.505,0.381,0
36-45,117116.8,13,0.71,0,19.0,0.325,0.378,0
36-45,42493.35,4,1.87,0,8.0,0.391,0.371,0
36-45,15605.11,1,0.74,0,5.0,0.105,0.48,0
46-55,,5,0.86,0,5.0,0.496,0.531,0
46-55,52454.18,6,1.73,0,16.0,0.075,0.285,0
36-45,67451.28,6,1.15,0,6.0,0.17,0.518,0
46-55,62644.87,8,2.86,0,16.0,,0.429,0
26-35,50875.48,3,2.83,0,19.0,0.367,0.566,0
18-25,81991.84,7,1.89,0,16.0,0.354,0.434,0
26-35,35221.52,6,3.77,0,10.0,0.487,0.248,0
18-25,71350.06,9,0.84,0,6.0,0.367,0.116,1
36-45,20980.57,9,0.71,1,3.0,0.68,0.46,1
56+,34181.07,9,0.44,0,12.0,0.09,0.279,0
18-25,17506.69,7,2.0,0,8.0,0.474,0.493,0
18-25,38835.13,5,0.56,0,2.0,0.303,0.51,0
26-35,45521.69,16,1.34,0,8.0,0.152,0.64,0
56+,58065.84,8,0.95,0,3.0,0.393,0.57,0
26-35,48154.96,10,0.49,0,2.0,0.281,0.376,0
36-45,30262.73,4,1.28,0,9.0,0.267,0.295,0
18-25,40581.79,10,1.03,0,19.0,0.645,0.34,0
18-25,20564.63,2,1.42,1,5.0,0.591,0.513,1
56+,111177.03,15,2.06,0,5.0,0.493,0.42,0
56+,46728.73,14,1.1,0,14.0,0.639,0.148,0
18-25,34744.59,9,2.42,0,,0.358,0.407,0
56+,125022.5,10,0.71,0,8.0,0.286,0.115,0
36-45,25694.49,8,4.51,0,4.0,0.119,0.167,1
46-55,28701.21,8,1.47,0,15.0,0.445,0.442,0
26-35,26369.56,6,3.76,0,5.0,0.326,0.486,0
36-45,47320.88,15,2.2,1,5.0,0.481,0.719,1
36-45,61356.01,1,2.37,0,7.0,0.472,0.293,0
36-45,72015.11,8,0.11,0,4.0,0.328,0.441,0
18-25,165000.0,5,4.05,1,4.0,0.618,0.568,1
18-25,,4,2.76,0,6.0,0.516,0.06,0
26-35,63993.87,9,6.71,0,6.0,0.24,0.562,0
36-45,36691.2,3,1.82,0,9.0,0.462,0.544,0
26-35,34374.29,4,3.32,0,12.0,0.467,0.534,0
36-45,35515.29,6,3.03,0,19.0,0.367,0.484,0
56+,34113.2,9,2.9,0,10.0,0.055,0.652,0
18-25,107576.01,11,2.86,0,12.0,0.097,0.194,0
36-45,75962.46,10,0.85,0,6.0,0.584,0.299,0
26-35,47195.88,11,1.84,1,4.0,0.642,0.102,0
46-55,104039.74,13,0.93,1,12.0,0.723,0.422,1
26-35,21236.68,3,2.03,0,14.0,0.371,0.606,0
36-45,24539.35,8,2.24,0,4.0,0.25,0.314,0
46-55,16604.96,4,0.62,0,9.0,0.297,0.123,0
56+,38036.61,4,0.91,0,4.0,0.267,0.457,0
36-45,,2,1.36,0,6.0,0.514,0.326,0
36-45,51714.14,7,0.83,0,19.0,0.32,0.276,0
36-45,52979.37,9,0.96,0,12.0,0.587,0.221,0
46-55,24741.83,7,2.2,0,,0.489,0.714,1
36-45,74431.94,6,1.41,1,8.0,0.381,0.194,0
18-25,50746.93,8,2.87,0,6.0,0.534,0.233,0
56+,276025.967912846,14,1.49,0,,0.195,0.424,0
36-45,18320.28,2,2.37,0,22.0,0.382,0.33,0
36-45,57640.18,10,0.96,0,10.0,0.19,0.497,0
26-35,25143.69,5,1.35,0,1.0,0.497,0.299,0
36-45,39870.5,10,2.02,0,5.0,0.334,0.488,0
26-35,61566.29,7,1.73,0,13.0,0.637,0.842,1
36-45,51398.73,10,0.44,1,10.0,0.718,0.108,0
18-25,28773.19,3,1.56,0,8.0,0.292,0.268,0
36-45,49180.97,7,2.71,0,5.0,0.525,0.137,0
56+,24676.38,4,1.74,0,15.0,0.706,0.095,0
18-25,81482.13,11,0.72,0,10.0,0.447,0.212,0
56+,49180.49,14,3.17,1,10.0,0.317,0.545,1
26-35,83420.22,6,0.28,0,18.0,0.064,0.461,0
46-55,39191.04,10,2.35,0,18.0,0.612,0.578,1
46-55,39251.33,12,0.97,0,11.0,0.44,0.571,0
36-45,32945.93,6,1.91,1,7.0,0.394,0.46,0
36-45,77312.46,8,0.48,0,2.0,0.175,0.554,0
46-55,35635.44,8,1.84,0,10.0,0.231,0.224,0
26-35,65198.36,8,4.42,0,4.0,0.606,0.482,1
26-35,38220.4,3,1.38,0,4.0,0.795,0.521,0
36-45,17544.56,4,1.67,0,9.0,0.735,0.282,0
46-55,,7,2.2,0,29.0,0.216,0.297,0
46-55,,10,1.47,0,7.0,0.36,0.745,0
46-55,52450.72,5,4.05,0,23.0,0.374,0.658,1
26-35,25109.16,1,0.5,0,12.0,0.436,0.215,0
46-55,,8,1.74,0,8.0,0.52,0.433,0
18-25,42729.32,4,2.34,0,9.0,0.553,0.466,0
36-45,44696.48,10,2.23,0,4.0,0.336,0.502,0
18-25,63010.96,5,1.12,0,10.0,0.285,0.046,0
26-35,76974.66,5,3.67,0,5.0,0.206,0.185,0
26-35,46145.22,4,2.99,0,0.0,0.578,0.808,1
26-35,31225.05,8,0.78,1,16.0,0.989,0.61,1
36-45,19487.64,7,3.74,0,6.0,0.097,0.435,0
26-35,32638.7,6,0.59,1,9.0,0.26,0.739,0
26-35,33828.19,5,1.53,1,29.0,0.335,0.248,0
26-35,49299.53,4,2.77,1,13.0,0.631,0.18,0
26-35,,11,0.85,0,7.0,0.629,0.201,0
26-35,,9,3.15,0,2.0,0.364,0.011,0
18-25,32573.32,3,1.41,0,11.0,0.133,0.538,0
36-45,47588.13,8,2.57,1,11.0,0.503,0.326,0
36-45,90732.73,10,3.46,0,6.0,0.397,0.492,1
36-45,58556.6,8,1.35,0,5.0,0.357,0.285,0
26-35,45196.75,6,3.71,0,15.0,0.452,0.22,0
26-35,34097.83,4,1.44,1,1.0,0.448,0.336,0
46-55,37075.8,10,4.73,0,20.0,0.253,0.3,0
36-45,31498.06,11,0.53,0,4.0,0.346,0.697,0
36-45,37000.12,12,1.91,0,7.0,0.657,0.089,0
18-25,66366.4,9,3.04,0,5.0,0.017,0.261,0
26-35,41548.56,4,2.39,0,21.0,,0.101,0
26-35,23112.25,3,1.01,1,5.0,0.698,0.076,0
26-35,116943.72,7,4.97,1,16.0,0.564,0.297,0
36-45,57894.74,10,1.06,1,15.0,0.545,0.208,0
36-45,23585.55,7,2.9,0,22.0,0.533,0.095,0
36-45,38957.97,5,1.52,0,5.0,0.486,0.305,0
46-55,54593.0,4,1.54,1,9.0,0.68,0.127,0
46-55,125039.87,11,3.94,1,14.0,0.611,0.318,1
36-45,27550.65,9,1.3,1,29.0,0.513,0.638,1
56+,90902.35,12,1.57,0,11.0,0.276,0.473,0
18-25,92756.49,6,0.8,0,8.0,0.655,0.504,0
26-35,33627.51,4,3.16,0,1.0,0.183,0.288,0
18-25,38781.28,4,0.9,0,3.0,0.418,0.699,0
36-45,28598.78,4,4.8,0,2.0,0.171,0.649,1
46-55,46360.37,9,3.9,1,15.0,0.786,0.552,1
26-35,45751.2,10,2.44,1,4.0,0.591,0.302,0
56+,77112.29,9,0.48,0,9.0,0.587,0.484,0
18-25,78975.69,5,0.97,0,9.0,0.575,0.439,0
56+,37085.82,8,4.33,1,,0.448,0.832,1
26-35,16764.03,6,0.99,0,4.0,0.479,0.378,0
18-25,44309.43,10,1.18,1,6.0,0.539,0.762,1
36-45,57104.58,9,1.85,1,27.0,0.462,0.366,0
26-35,53087.52,5,2.28,1,8.0,0.612,0.453,1
26-35,39345.23,0,1.68,0,5.0,0.344,0.052,0
26-35,49755.24,7,4.04,0,8.0,0.539,0.177,1
46-55,113326.84,7,3.57,0,3.0,0.261,0.678,0
36-45,59784.5,2,1.11,0,9.0,0.242,0.207,0
26-35,38401.37,5,1.37,0,23.0,0.053,0.141,0
36-45,37793.68,8,1.85,0,12.0,0.26,0.182,0
36-45,44876.82,9,2.92,0,3.0,0.469,0.711,1
26-35,109218.39,10,1.11,0,6.0,0.243,0.582,0
26-35,42390.67,11,2.28,0,2.0,0.135,0.465,0
18-25,,7,3.08,0,1.0,0.285,0.392,0
26-35,36286.35,6,1.32,0,16.0,0.262,0.318,0
36-45,86809.5,11,3.75,1,4.0,0.379,0.794,1
26-35,129199.81,6,1.75,0,15.0,0.322,0.243,0
36-45,61964.62,9,2.45,0,3.0,0.646,0.484,0
36-45,51176.82,4,2.99,0,14.0,0.271,0.561,0
18-25,45666.81,9,0.67,0,7.0,0.34,0.495,1
36-45,15000.0,5,2.46,0,4.0,0.503,0.229,0
26-35,68698.21,11,1.65,0,4.0,0.396,0.557,0
56+,58674.85,13,1.33,1,6.0,0.646,0.673,1
36-45,61251.15,4,3.87,0,5.0,0.43,0.2,0
46-55,35597.82,9,4.71,1,5.0,0.36,0.223,0
36-45,40138.15,5,3.16,1,2.0,0.757,0.507,1
18-25,36180.19,5,0.95,0,5.0,0.157,0.463,0
36-45,83386.69,8,0.2,0,5.0,0.186,0.154,0
56+,44938.26,10,2.56,0,12.0,0.745,0.428,1
36-45,144781.84,8,4.33,1,7.0,0.543,0.5,1
46-55,64476.01,12,1.73,0,7.0,0.135,0.354,0
46-55,26546.28,8,2.03,0,1.0,0.071,0.681,0
26-35,43614.98,9,4.93,1,9.0,0.438,0.087,0
26-35,33227.36,5,4.53,0,5.0,0.712,0.495,1
36-45,15660.88,4,2.01,0,11.0,0.569,0.134,0
26-35,107122.13,8,2.63,0,6.0,0.236,0.499,0
46-55,74282.76,11,2.0,0,13.0,0.24,0.563,0
56+,72205.23,9,0.86,0,13.0,0.222,0.114,0
26-35,50818.2,7,1.46,0,16.0,0.491,0.533,0
26-35,22727.95,2,1.76,0,5.0,0.606,0.067,0
46-55,40075.45,8,1.64,0,6.0,0.482,0.25,0
26-35,72238.33,8,0.88,1,13.0,0.607,0.222,0
46-55,29832.86,6,1.04,0,14.0,0.396,0.476,0
26-35,15000.0,8,0.76,0,1.0,0.15,0.737,0
36-45,43560.45,7,3.42,0,12.0,0.664,0.605,0
18-25,41617.92,2,4.4,1,3.0,0.499,0.031,0
36-45,52601.14,12,2.2,0,17.0,0.492,0.482,0
26-35,68106.62,7,0.33,0,5.0,0.631,0.759,1
36-45,68292.49,9,0.44,1,22.0,0.485,0.206,0
26-35,53346.32,7,2.45,1,11.0,0.614,0.721,1
36-45,91279.03,14,1.71,0,16.0,0.237,0.612,0
46-55,,3,0.26,0,2.0,0.651,0.488,0
26-35,,8,3.8,1,4.0,0.324,0.33,0
18-25,62056.46,3,1.62,0,5.0,0.202,0.384,0
18-25,23515.8,4,1.2,0,14.0,0.299,0.395,0
36-45,22437.91,7,1.99,1,18.0,0.533,0.533,1
36-45,33259.98,8,1.55,0,8.0,0.363,0.889,0
36-45,,8,0.78,0,3.0,,0.145,0
26-35,68994.23,9,2.2,0,15.0,0.42,0.541,0
26-35,33875.25,6,1.43,1,7.0,0.795,0.153,1
36-45,31404.26,6,0.35,0,4.0,0.093,0.419,0
36-45,35665.9,9,2.17,1,4.0,0.344,0.153,0
56+,97898.73,13,1.01,0,4.0,0.698,0.625,1
18-25,45106.54,6,2.93,0,13.0,0.129,0.236,0
36-45,44658.03,7,1.73,0,11.0,0.282,0.198,0
26-35,44037.51,9,1.72,0,9.0,0.472,0.223,0
26-35,91296.83,8,0.66,0,4.0,0.299,0.172,0
36-45,33204.17,6,2.53,0,14.0,0.396,0.43,0
36-45,97155.14,11,1.9,0,2.0,0.269,0.149,0
56+,61050.59,10,2.49,0,7.0,0.148,0.321,0
18-25,41216.0,6,1.48,0,,0.49,0.297,0
18-25,164467.5,6,0.61,0,16.0,0.179,0.409,0
36-45,28312.75,8,3.41,0,6.0,0.208,0.201,0
36-45,40785.56,5,3.17,0,10.0,0.173,0.463,0
26-35,24566.42,4,1.08,0,9.0,0.251,0.804,0
18-25,73517.61,6,1.3,0,9.0,0.282,0.256,0
18-25,107837.23,4,0.6,0,5.0,0.23,0.778,0
46-55,122805.84,11,0.71,0,16.0,0.334,0.569,0
26-35,88119.87,6,1.95,0,5.0,0.601,0.177,1
26-35,42076.19,12,2.49,0,14.0,0.153,0.36,0
26-35,38564.01,7,2.25,1,5.0,0.532,0.674,0
26-35,19555.11,3,2.48,1,2.0,0.386,0.491,0
18-25,129140.24,11,4.42,0,19.0,0.413,0.283,0
36-45,62559.2,8,1.5,0,7.0,0.085,0.734,0
18-25,,6,3.52,1,7.0,0.393,0.285,1
46-55,102805.03,11,5.32,1,2.0,0.432,0.15,1
26-35,28117.92,4,0.58,0,7.0,0.596,0.283,0
36-45,60563.24,5,2.19,0,3.0,0.224,0.416,0
46-55,47109.64,10,1.66,0,,0.352,0.158,0
36-45,68330.54,4,1.06,0,8.0,0.611,0.318,0
36-45,47426.75,7,1.3,0,10.0,0.552,0.203,0
26-35,21927.95,4,0.37,0,14.0,0.576,0.216,0
26-35,48499.06,3,0.67,0,9.0,0.218,0.484,0
36-45,84576.3,5,2.46,0,11.0,0.167,0.418,0
56+,53895.78,11,2.69,1,5.0,0.384,0.039,0
36-45,73354.55,4,1.72,1,1.0,0.205,0.597,0
36-45,28461.99,5,2.77,0,11.0,0.221,0.472,0
36-45,48355.94,6,1.39,0,18.0,0.801,0.227,0
26-35,33700.05,8,1.44,0,17.0,0.53,0.85,0
18-25,66067.36,5,1.38,0,7.0,0.241,0.125,0
36-45,49830.16,3,1.31,1,4.0,0.462,0.174,0
56+,78341.94,11,1.02,0,15.0,0.572,0.535,0
26-35,82093.11,6,1.29,0,6.0,0.841,0.56,0
36-45,70237.78,7,2.97,1,4.0,0.676,0.208,1
26-35,53745.84,9,3.34,0,3.0,0.2,0.445,0
36-45,29170.98,3,0.42,0,7.0,0.397,0.262,0
18-25,44736.78,6,3.47,1,21.0,0.622,0.508,1
26-35,35340.79,6,0.94,1,5.0,0.318,0.743,0
46-55,43091.75,10,1.38,0,4.0,0.304,0.274,0
26-35,38378.1,8,2.06,0,9.0,0.533,0.116,0
36-45,29449.69,8,5.71,0,11.0,0.177,0.377,1
46-55,18623.58,5,1.21,0,6.0,0.512,0.203,0
56+,38660.19,9,3.75,0,1.0,0.074,0.429,0
26-35,51562.88,13,0.99,0,7.0,0.383,0.106,0
26-35,23131.44,6,0.48,0,17.0,0.395,0.589,0
26-35,47011.84,4,3.18,0,4.0,0.277,0.33,0
56+,146992.9,13,1.59,0,15.0,0.367,0.457,0
56+,93152.15,16,3.8,0,10.0,0.207,0.291,1
36-45,115224.95,11,4.21,1,7.0,0.345,0.467,1
46-55,63157.48,7,0.89,0,9.0,0.287,0.562,0
36-45,89958.62,5,0.88,1,17.0,0.282,0.617,0
36-45,,7,1.73,0,8.0,0.745,0.643,1
18-25,32046.49,11,3.76,0,2.0,0.108,0.216,0
46-55,15000.0,5,3.21,1,3.0,0.317,0.336,0
18-25,83016.58,7,0.72,0,1.0,0.725,0.911,1
46-55,114802.49,5,1.06,0,8.0,0.416,0.549,1
46-55,38651.77,7,2.02,1,9.0,0.445,0.309,0
36-45,42956.58,8,0.33,0,15.0,0.079,0.346,0
18-25,30272.4,8,0.38,0,3.0,0.535,0.641,0
26-35,56895.97,5,3.81,0,19.0,0.217,0.325,0
26-35,83697.54,11,1.1,0,6.0,0.452,0.322,0
26-35,18840.4,2,1.85,0,9.0,0.663,0.558,0
18-25,55431.76,5,0.75,1,9.0,0.381,0.338,0
56+,47388.3,7,4.3,0,5.0,0.409,0.571,0
36-45,51998.24,13,1.5,0,15.0,0.641,0.592,0
26-35,59200.0,1,1.69,1,7.0,0.688,0.233,1
26-35,42282.76,5,1.7,0,14.0,0.315,0.602,0
26-35,44184.74,12,1.03,0,11.0,0.111,0.217,0
36-45,43861.18,10,2.25,0,17.0,0.806,0.113,0
36-45,81191.39,8,3.97,1,9.0,0.617,0.347,1
56+,68033.48,5,5.8,0,2.0,0.657,0.046,1
36-45,54978.83,5,0.71,0,12.0,0.389,0.35,0
56+,28257.24,5,1.59,0,3.0,0.405,0.637,0
46-55,42325.23,4,0.1,0,8.0,0.515,0.3,0
26-35,74407.2,9,0.56,1,8.0,0.4,0.677,0
56+,55804.08,13,2.11,0,13.0,0.375,0.651,0
18-25,63130.32,8,2.03,0,5.0,0.559,0.328,0
46-55,129131.45,2,1.15,0,13.0,0.554,0.159,0
26-35,80023.46,11,1.39,0,1.0,0.109,0.279,0
46-55,54092.04,8,0.5,0,1.0,0.564,0.26,0
46-55,39509.07,12,2.49,0,7.0,0.172,0.1,0
46-55,15000.0,6,0.83,0,3.0,0.246,0.206,0
46-55,47213.72,7,5.82,0,,0.551,0.52,0
26-35,39358.75,6,4.29,0,3.0,0.338,0.415,0
18-25,54884.73,3,1.09,0,21.0,0.455,0.273,0
26-35,43043.62,3,0.89,0,2.0,0.315,0.338,0
26-35,39474.09,11,3.01,1,4.0,0.62,0.536,1
36-45,19432.7,4,1.1,0,12.0,0.105,0.248,0
26-35,28601.57,4,0.29,1,9.0,0.232,0.233,0
56+,70112.65,7,2.83,1,11.0,0.614,0.541,1
36-45,119643.52,14,1.86,0,7.0,0.351,0.468,1
46-55,48985.85,13,2.06,0,8.0,0.213,0.406,0
18-25,53128.13,3,0.94,0,7.0,0.131,0.608,0
46-55,84566.09,8,7.25,1,6.0,0.562,0.249,1
56+,35894.35,6,5.18,1,9.0,0.419,0.356,1
36-45,,6,0.35,1,3.0,0.83,0.055,0
36-45,33354.41,5,1.18,1,9.0,0.281,0.677,0
46-55,80798.1,8,0.72,0,14.0,0.606,0.555,1
26-35,50449.57,9,2.08,0,7.0,0.061,0.456,0
36-45,57250.69,6,2.57,1,9.0,0.937,0.514,1
26-35,31040.52,8,7.17,0,5.0,0.181,0.643,0
18-25,64709.08,8,4.16,0,2.0,0.36,0.451,0
26-35,137867.83,12,1.44,0,6.0,0.058,0.31,0
18-25,26526.14,10,4.39,0,14.0,0.672,0.418,0
18-25,37546.12,6,1.36,0,22.0,0.406,0.489,0
18-25,50535.73,3,2.26,0,5.0,0.23,0.352,0
56+,82366.27,7,0.73,0,13.0,0.153,0.236,0
36-45,36645.13,6,1.04,0,19.0,0.127,0.458,0
56+,,7,0.88,0,11.0,0.269,0.392,0
26-35,94540.02,7,1.77,1,13.0,0.313,0.164,0
26-35,69248.94,8,2.66,1,,0.571,0.706,1
36-45,19804.56,4,1.65,0,9.0,0.593,0.325,0
26-35,33998.25,8,3.44,0,10.0,0.162,0.099,0
18-25,101260.82,8,2.06,0,14.0,0.213,0.27,0
36-45,104073.65,9,3.22,0,7.0,0.461,0.817,1
26-35,,16,1.46,0,4.0,0.302,0.428,0
36-45,44730.98,8,0.58,0,3.0,0.528,0.351,0
36-45,51182.53,6,1.25,0,15.0,0.603,0.628,1
26-35,43561.05,6,1.42,0,13.0,0.359,0.667,0
18-25,80554.13,10,1.74,1,8.0,0.542,0.874,1
46-55,32681.42,2,3.7,0,3.0,0.403,0.215,0
26-35,30668.28,3,2.47,0,11.0,0.68,0.629,0
18-25,75761.29,8,1.71,0,2.0,0.143,0.507,0
56+,53473.0,10,1.21,0,10.0,0.595,0.121,0
18-25,91748.19,6,0.71,0,1.0,0.47,0.354,0
36-45,34572.49,3,1.39,0,3.0,0.221,0.101,0
56+,,6,5.62,0,6.0,0.742,0.597,0
26-35,28863.85,3,0.54,0,6.0,0.343,0.208,0
18-25,44973.49,5,1.47,0,12.0,0.45,0.408,0
18-25,20767.73,2,1.59,0,5.0,0.505,0.577,1
26-35,36186.11,7,1.25,0,19.0,0.409,0.403,0
18-25,21229.52,4,1.61,1,9.0,0.888,0.58,1
36-45,70322.01,9,0.99,0,14.0,0.262,0.242,0
18-25,65031.46,5,4.05,0,13.0,0.212,0.153,0
36-45,19935.62,5,0.73,1,13.0,0.746,0.214,0
56+,109493.51,15,1.02,0,9.0,0.385,0.223,0
46-55,165000.0,6,1.01,1,5.0,0.507,0.432,1
36-45,50207.68,7,0.73,0,12.0,0.288,0.474,0
26-35,33410.34,5,1.29,0,14.0,0.099,0.312,0
36-45,165000.0,10,3.44,0,5.0,0.293,0.24,1
36-45,24689.58,8,0.56,0,8.0,0.282,0.394,0
26-35,47120.12,5,2.28,0,2.0,0.37,0.534,0
18-25,49187.93,4,1.71,0,4.0,0.298,0.479,0
46-55,103722.75,14,2.85,0,23.0,0.35,0.433,0
26-35,56222.05,7,1.58,0,2.0,,0.289,0
26-35,35979.71,4,3.2,0,5.0,0.752,0.306,0
26-35,28435.23,2,1.55,0,6.0,0.263,0.782,0
26-35,39036.51,5,0.44,0,3.0,0.492,0.605,0
46-55,30527.94,6,1.83,0,3.0,0.51,0.152,0
36-45,50255.19,7,2.8,1,3.0,0.441,0.183,0
46-55,38430.93,13,0.48,0,21.0,0.101,0.47,0
18-25,20601.11,1,2.39,0,9.0,0.823,0.4,1
26-35,89561.05,6,1.37,0,11.0,0.099,0.284,0
36-45,37843.34,7,1.42,0,6.0,0.518,0.061,0
18-25,23168.96,3,1.27,0,1.0,0.144,0.792,0
26-35,42723.54,7,1.87,0,10.0,0.521,0.283,1
46-55,53399.32,15,3.18,0,3.0,0.594,0.489,0
18-25,18066.91,6,1.03,0,7.0,0.235,0.221,0
36-45,58247.52,8,2.52,1,3.0,0.732,0.363,1
26-35,27050.97,5,0.8,0,,0.296,0.339,0
18-25,109068.89,6,2.45,0,5.0,0.134,0.427,0
26-35,61234.1,11,2.61,0,4.0,0.255,0.407,0
56+,44446.97,6,2.85,0,7.0,0.372,0.223,0
46-55,34979.34,8,1.94,0,18.0,0.329,0.605,0
56+,,4,2.83,0,2.0,0.377,0.161,0
36-45,67416.91,13,0.79,0,2.0,0.256,0.472,0
18-25,44211.63,5,3.57,1,25.0,0.347,0.832,1
36-45,43786.35,4,1.77,0,16.0,0.268,0.444,0
26-35,48067.07,13,4.25,1,13.0,0.367,0.5,0
46-55,37646.43,7,1.53,0,11.0,0.404,0.768,0
18-25,37478.88,7,1.37,0,5.0,0.023,0.474,0
36-45,16570.64,2,0.96,0,9.0,0.651,0.598,0
26-35,77368.7,4,1.9,0,25.0,0.428,0.472,0
26-35,54468.34,5,2.18,1,6.0,0.886,0.769,1
36-45,32787.51,13,0.94,1,2.0,0.426,0.77,1
36-45,259871.40054774642,10,0.95,0,7.0,0.498,0.472,0
26-35,48788.43,6,0.68,0,3.0,0.047,0.454,0
26-35,27206.34,4,1.65,0,,0.226,0.381,0
26-35,72802.35,9,3.95,1,9.0,0.72,0.525,1
46-55,63385.16,7,1.34,0,2.0,0.136,0.496,0
46-55,63270.95,7,0.88,0,2.0,0.27,0.272,1
56+,43853.38,9,0.96,0,10.0,0.509,0.485,0
46-55,65137.64,6,0.97,0,5.0,0.31,0.313,0
26-35,40696.02,6,3.09,0,14.0,0.199,0.556,0
36-45,65453.13,12,3.15,0,27.0,0.449,0.473,1
26-35,17316.74,5,1.37,1,17.0,0.774,0.112,0
26-35,37211.97,3,3.4,0,1.0,0.636,0.636,1
46-55,,10,1.62,0,4.0,0.619,0.209,0
18-25,30065.24,3,1.28,0,3.0,0.243,0.491,1
56+,39974.78,4,2.15,0,15.0,0.488,0.513,0
26-35,36940.36,11,4.44,0,18.0,0.485,0.419,0
36-45,26063.75,5,0.77,0,14.0,0.057,0.48,0
36-45,15548.1,5,2.49,1,14.0,0.447,0.63,1
46-55,45711.04,10,3.03,0,13.0,0.342,0.49,0
36-45,52609.23,11,3.72,1,8.0,0.699,0.31,1
36-45,47700.51,5,2.95,0,1.0,0.163,0.546,0
18-25,41550.43,8,0.58,0,12.0,0.167,0.315,0
36-45,50130.32,9,2.41,1,4.0,0.743,0.56,1
26-35,79370.14,6,1.64,0,18.0,0.607,0.146,0
36-45,44398.81,11,7.08,1,8.0,0.466,0.843,1
36-45,36369.18,3,5.15,0,9.0,0.289,0.222,0
36-45,42353.86,4,1.74,0,14.0,0.243,0.703,0
18-25,60552.15,6,1.52,0,14.0,0.155,0.42,0
18-25,93363.33,8,3.7,0,2.0,0.179,0.539,0
36-45,35361.02,6,0.63,0,4.0,0.325,0.261,0
18-25,47166.8,7,1.47,0,3.0,0.37,0.678,0
18-25,53420.29,7,2.67,0,3.0,0.663,0.303,0
18-25,26738.49,6,0.84,0,12.0,0.333,0.293,0
56+,55304.91,2,0.41,0,12.0,0.255,0.416,0
36-45,22876.14,6,2.45,0,4.0,0.399,0.564,0
26-35,18584.7,5,2.02,1,6.0,0.532,0.392,0
26-35,56427.29,10,3.55,1,8.0,0.344,0.53,1
26-35,38192.14,2,0.77,0,15.0,0.666,0.249,1
46-55,57250.17,10,1.31,0,8.0,0.458,0.606,0
36-45,48566.76,5,0.79,1,6.0,0.34,0.45,0
26-35,28064.82,4,2.47,1,11.0,0.327,0.704,0
26-35,45545.53,8,0.3,0,2.0,0.684,0.357,0
18-25,23594.93,5,2.06,0,5.0,0.158,0.212,0
36-45,101043.42,10,4.33,1,0.0,0.715,0.418,1
46-55,25460.8,6,4.8,1,1.0,0.909,0.371,1
26-35,42116.36,8,2.58,0,15.0,0.326,0.441,0
18-25,26056.4,2,2.01,0,15.0,0.117,0.465,0
18-25,60271.76,4,4.05,0,3.0,0.198,0.641,0
56+,46057.95,7,1.56,1,10.0,0.498,0.332,1
26-35,,9,2.04,0,8.0,0.652,0.497,1
46-55,80311.24,9,2.24,0,5.0,0.512,0.665,0
36-45,49776.78,4,1.61,0,8.0,0.857,0.468,0
26-35,61001.58,4,1.16,1,6.0,0.907,0.145,1
26-35,27993.02,6,2.47,0,9.0,0.474,0.562,0
18-25,21579.42,7,2.04,0,8.0,0.401,0.298,0
36-45,51831.23,6,2.59,0,5.0,0.222,0.082,0
46-55,43660.54,11,1.32,1,11.0,0.817,0.527,1
36-45,67896.93,8,1.8,0,7.0,0.333,0.527,0
36-45,47025.61,9,2.02,1,8.0,0.425,0.721,1
18-25,49843.29,6,2.75,0,13.0,0.638,0.408,0
56+,23525.52,6,1.12,0,19.0,0.07,0.654,0
46-55,137583.63,13,2.31,0,17.0,0.616,0.201,0
26-35,42812.88,6,2.44,0,6.0,0.516,0.365,0
56+,78648.61,10,0.62,0,8.0,0.443,0.419,0
36-45,31736.81,5,1.58,0,5.0,0.535,0.226,0
36-45,57535.94,6,2.27,0,8.0,0.283,0.168,0
36-45,24897.45,3,0.9,0,7.0,0.498,0.551,0
46-55,65190.91,7,3.69,0,1.0,0.233,0.366,0
36-45,40737.06,6,2.09,0,16.0,0.466,0.588,0
18-25,45486.87,5,2.21,0,3.0,0.446,0.661,0
26-35,67033.41,9,4.14,0,6.0,0.096,0.279,0
56+,28827.33,8,1.39,0,2.0,0.291,0.613,0
26-35,32665.16,6,3.35,0,11.0,0.357,0.553,0
26-35,59148.63,5,2.19,0,4.0,0.108,0.579,0
26-35,138839.68,14,2.12,1,5.0,0.499,0.188,1
26-35,43399.24,4,3.46,0,6.0,0.859,0.407,1
36-45,66662.03,6,2.49,1,5.0,0.556,0.513,1
56+,51760.1,11,3.67,1,11.0,0.539,0.712,1
26-35,128023.32,15,0.82,0,2.0,0.277,0.362,0
18-25,18059.82,5,3.47,0,4.0,0.308,0.746,0
26-35,48981.74,7,0.94,0,8.0,0.596,0.411,0
46-55,22130.61,5,0.4,1,3.0,0.776,0.297,1
36-45,15000.0,7,0.25,0,4.0,0.469,0.614,0
26-35,54430.52,4,4.21,1,17.0,0.404,0.575,1
46-55,55411.3,10,3.68,0,20.0,0.243,0.415,0
46-55,44439.54,5,3.47,0,9.0,0.757,0.56,1
46-55,48765.53,12,0.38,0,12.0,0.126,0.309,0
56+,165000.0,15,0.97,0,7.0,0.348,0.325,0
26-35,40771.92,4,2.69,0,22.0,0.091,0.46,0
46-55,67188.99,6,2.61,0,18.0,0.189,0.235,0
26-35,33267.3,4,2.48,0,10.0,0.44,0.518,0
46-55,60085.33,5,1.39,0,11.0,0.574,0.403,0
36-45,43309.12,7,1.92,0,8.0,0.472,0.388,0
46-55,41628.09,11,1.56,0,11.0,0.103,0.514,0
36-45,126225.75,9,1.92,0,3.0,0.421,0.42,0
26-35,86002.89,8,4.1,1,2.0,0.489,0.656,1
36-45,52633.51,11,1.56,0,5.0,0.36,0.573,0
56+,16511.46,6,1.88,0,8.0,0.201,0.135,0
56+,45354.98,10,0.4,0,15.0,0.178,0.641,0
18-25,165000.0,13,4.49,0,2.0,0.522,0.578,1
26-35,41359.44,12,4.13,0,12.0,0.451,0.414,1
18-25,79512.79,7,0.96,0,8.0,0.05,0.516,0
36-45,103757.33,10,1.22,0,2.0,0.203,0.655,0
46-55,57749.0,5,1.22,0,20.0,0.454,0.151,0
26-35,30099.17,1,0.68,0,5.0,0.631,0.348,0
36-45,15000.0,3,3.46,0,17.0,0.533,0.593,0
46-55,73553.25,9,1.14,1,13.0,0.216,0.657,0
36-45,32090.87,3,0.1,1,3.0,0.539,0.158,1
36-45,53723.09,9,1.58,0,4.0,0.509,0.418,0
36-45,25593.49,4,0.8,0,4.0,0.525,0.692,1
36-45,42705.22,8,1.03,0,9.0,0.458,0.642,0
26-35,47454.85,5,0.81,0,5.0,0.259,0.555,0
36-45,56368.66,15,0.98,0,10.0,0.246,0.302,0
36-45,27454.69,7,0.58,0,5.0,0.227,0.531,0
46-55,96027.87,4,0.24,1,9.0,0.838,0.531,1
36-45,35940.31,4,1.66,0,14.0,0.422,0.37,0
46-55,21574.68,10,4.22,0,8.0,0.01,0.449,0
26-35,44060.01,4,2.12,0,12.0,0.571,0.246,1
26-35,47471.04,8,2.6,0,17.0,0.402,0.324,0
18-25,48703.52,4,2.12,0,10.0,0.344,0.319,0
26-35,94684.81,5,0.31,0,,0.139,0.031,0
36-45,43349.33,6,0.25,0,24.0,0.223,0.847,0
56+,51420.79,7,0.89,1,12.0,0.691,0.666,1
18-25,25244.01,4,1.86,0,9.0,0.329,0.488,0
26-35,71445.33,6,2.93,0,1.0,0.071,0.541,0
46-55,56717.65,7,4.22,0,13.0,0.262,0.327,0
26-35,,7,1.09,0,8.0,0.253,0.28,0
36-45,18207.14,2,1.48,0,4.0,0.684,0.141,0
36-45,103890.67,12,2.58,1,11.0,0.337,0.498,0
36-45,25889.85,9,2.13,0,4.0,0.462,0.337,0
26-35,34287.48,8,2.05,0,4.0,0.343,0.627,0
26-35,56181.29,8,0.81,0,6.0,0.223,0.338,0
46-55,27661.31,10,0.92,0,9.0,0.307,0.341,0
36-45,22547.4,4,0.47,0,7.0,0.388,0.465,0
18-25,15000.0,6,0.45,1,4.0,0.472,0.104,0
46-55,74975.63,7,1.05,0,0.0,0.199,0.232,0
18-25,33742.15,3,0.41,0,8.0,0.769,0.698,0
36-45,165000.0,11,2.49,0,14.0,0.348,0.566,0
26-35,27804.01,8,3.2,0,19.0,0.295,0.101,1
56+,33888.99,8,1.33,0,8.0,0.442,0.282,0
26-35,34752.11,3,1.54,0,9.0,0.304,0.608,0
26-35,52914.36,8,2.27,0,10.0,0.455,0.332,0
18-25,,6,3.36,0,1.0,0.415,0.615,0
26-35,64113.66,10,2.89,0,19.0,0.609,0.292,0
46-55,30981.14,4,5.14,0,7.0,0.129,0.336,0
56+,26677.41,5,2.51,0,12.0,0.197,0.677,0
26-35,18304.98,9,2.56,0,22.0,0.353,0.491,0
26-35,15000.0,5,2.17,0,2.0,0.565,0.381,1
36-45,37444.09,6,2.18,1,2.0,0.646,0.599,0
46-55,44068.05,11,1.24,0,9.0,0.063,0.675,0
36-45,35300.51,6,1.62,0,8.0,0.74,0.882,1
26-35,89015.96,5,1.23,1,14.0,0.29,0.135,0
26-35,88307.09,10,0.59,0,10.0,0.68,0.595,1
36-45,41188.01,4,4.08,1,3.0,0.763,0.397,1
18-25,17626.54,5,5.51,0,8.0,0.194,0.221,0
36-45,36508.97,6,2.16,0,8.0,0.321,0.344,0
26-35,34135.49,8,1.47,0,5.0,0.17,0.568,0
46-55,36617.8,12,1.31,1,8.0,0.808,0.131,0
18-25,31169.21,3,1.19,0,4.0,0.406,0.561,0
36-45,34898.51,4,3.56,1,10.0,0.406,0.149,0
36-45,,7,0.98,0,4.0,0.208,0.057,0
36-45,35225.26,5,2.02,0,13.0,0.377,0.502,0
18-25,49927.52,8,1.29,0,0.0,0.277,0.393,0
36-45,59123.97,9,4.57,0,4.0,0.166,0.139,0
36-45,30529.98,5,1.09,0,11.0,0.374,0.562,0
36-45,94935.59,5,1.4,1,21.0,0.639,0.434,1
36-45,29447.6,5,0.6,1,33.0,0.642,0.194,0
36-45,21136.23,12,0.98,0,16.0,0.416,0.441,0
46-55,62818.48,9,1.65,0,4.0,0.072,0.648,0
26-35,30483.71,9,1.38,0,11.0,,0.246,0
46-55,60905.06,7,1.2,1,8.0,0.774,0.715,1
36-45,15000.0,8,2.08,0,4.0,0.399,0.485,0
18-25,92418.0,3,1.51,0,3.0,0.233,0.356,0
18-25,63550.65,6,2.54,0,11.0,0.504,0.697,1
26-35,21370.19,7,1.7,0,10.0,0.493,0.496,1
46-55,23885.72,10,1.55,0,5.0,0.4,0.443,0
36-45,116958.95,8,1.65,0,4.0,0.147,0.558,1
46-55,35121.28,11,0.43,1,2.0,0.514,0.2,0
36-45,31768.29,10,2.09,0,8.0,0.594,0.308,0
26-35,15000.0,4,3.33,0,8.0,0.2,0.73,0
18-25,37331.6,7,0.43,0,2.0,0.372,0.822,0
26-35,41422.76,10,2.19,0,9.0,0.394,0.103,0
26-35,67646.87,5,1.4,0,10.0,0.081,0.632,0
18-25,21643.91,5,2.05,0,12.0,0.229,0.558,0
26-35,21151.18,6,3.56,1,12.0,0.709,0.396,1
36-45,61975.88,4,1.22,0,15.0,0.798,0.659,1
36-45,82743.41,7,2.71,0,10.0,0.176,0.355,0
56+,24173.22,10,1.11,0,0.0,0.505,0.384,0
56+,96027.25,13,4.67,0,,0.337,0.064,1
36-45,49987.18,7,2.35,0,16.0,0.34,0.24,1
26-35,82268.11,6,3.76,1,7.0,0.219,0.501,0
36-45,47263.11,9,2.88,0,4.0,0.364,0.562,0
46-55,15000.0,5,1.28,1,6.0,0.45,0.692,0
18-25,41397.55,2,2.53,0,23.0,0.267,0.507,0
26-35,80924.73,3,2.2,0,2.0,0.353,0.296,0
46-55,32378.57,3,1.99,0,18.0,0.185,0.797,0
26-35,,8,1.93,0,1.0,0.237,0.676,0
36-45,,8,3.58,0,9.0,0.39,0.529,0
36-45,15000.0,9,2.18,1,8.0,0.537,0.421,1
26-35,111201.68,11,0.42,0,8.0,0.208,0.734,0
26-35,29181.34,6,3.12,0,7.0,0.675,0.323,0
26-35,60656.52,9,0.47,1,14.0,0.32,0.835,1
18-25,42826.63,5,4.01,0,6.0,0.269,0.564,0
18-25,86160.05,11,0.39,0,3.0,0.402,0.366,0
46-55,63649.65,6,2.74,0,12.0,0.711,0.512,1
26-35,41267.86,5,3.11,0,24.0,0.396,0.5,0
36-45,30803.15,4,1.95,0,19.0,0.459,0.108,0
26-35,70606.84,10,1.26,0,6.0,0.424,0.079,0
56+,20657.02,6,3.58,1,2.0,0.529,0.088,0
26-35,65242.28,7,0.92,0,10.0,0.165,0.704,0
26-35,26330.86,3,0.34,0,11.0,0.244,0.528,0
46-55,98833.07,13,1.5,0,10.0,0.564,0.136,0
46-55,56043.07,6,2.55,1,20.0,,0.045,1
26-35,65182.37,5,2.06,1,6.0,0.509,0.88,0
46-55,53778.78,8,3.21,0,7.0,0.327,0.237,0
26-35,18746.53,7,0.4,0,12.0,,0.111,0
36-45,,8,2.43,0,9.0,0.431,0.362,0
18-25,63553.82,4,3.03,0,9.0,0.203,0.257,0
18-25,48857.39,7,1.97,0,5.0,0.247,0.391,0
36-45,90591.42,3,5.1,0,6.0,,0.753,1
36-45,60457.91,6,1.16,0,7.0,0.586,0.37,0
26-35,28206.71,12,2.02,0,8.0,0.48,0.595,0
36-45,32404.31,7,1.56,0,2.0,0.109,0.163,0
46-55,54367.24,5,3.49,0,6.0,0.262,0.673,0
26-35,15000.0,2,4.0,1,6.0,0.523,0.643,1
36-45,117030.49,10,1.03,1,17.0,0.807,0.188,1
18-25,56370.9,3,0.83,1,5.0,0.416,0.72,0
46-55,97543.92,3,2.3,0,1.0,0.432,0.397,0
36-45,21549.03,8,1.76,0,4.0,0.374,0.608,0
56+,104524.2,9,2.57,0,13.0,0.324,0.568,0
18-25,142968.48,15,2.64,0,13.0,0.605,0.349,0
18-25,22542.17,3,1.36,0,3.0,0.758,0.36,0
26-35,69642.41,6,0.43,0,,0.206,0.201,0
26-35,46656.95,7,1.36,0,12.0,0.483,0.465,0
26-35,20887.25,4,1.08,0,9.0,0.248,0.288,0
56+,70706.99,13,1.23,0,9.0,0.455,0.253,0
26-35,71931.8,7,3.58,1,14.0,0.656,0.481,1
26-35,34112.33,5,0.87,1,14.0,0.62,0.494,1
46-55,94492.58,8,0.69,0,12.0,0.254,0.72,0
26-35,19599.96,5,1.85,1,7.0,0.266,0.254,0
46-55,23688.07,5,1.26,0,13.0,0.152,0.057,0
18-25,48099.67,4,2.73,0,6.0,0.711,0.29,0
36-45,49672.18,8,2.21,0,1.0,0.078,0.856,0
18-25,30865.11,7,2.42,0,5.0,0.2,0.341,0
18-25,68253.85,7,2.28,1,2.0,0.576,0.221,0
56+,72118.44,10,2.16,0,10.0,0.176,0.273,0
18-25,69998.73,6,1.39,1,16.0,0.316,0.603,0
36-45,45980.33,18,2.05,1,2.0,0.47,0.06,0
26-35,63789.36,9,6.25,0,8.0,0.516,0.456,1
26-35,36984.78,8,1.61,0,19.0,0.729,0.595,1
46-55,149939.28,12,0.79,1,21.0,0.617,0.447,1
18-25,29362.58,9,2.15,0,18.0,0.622,0.552,1
36-45,146496.18,6,0.76,0,8.0,0.171,0.124,0
56+,55722.64,13,2.92,0,4.0,0.739,0.32,1
36-45,,9,0.85,0,5.0,0.409,0.107,0
56+,111457.79,5,1.14,0,7.0,0.345,0.766,0
18-25,47832.89,7,0.96,0,13.0,0.39,0.731,0
26-35,72590.15,7,3.02,1,4.0,0.647,0.183,0
26-35,88115.62,5,2.71,1,13.0,0.676,0.765,1
36-45,58438.89,4,2.37,0,6.0,0.131,0.899,0
56+,40216.59,10,1.23,1,12.0,0.651,0.319,1
26-35,77448.69,2,2.3,0,8.0,0.278,0.458,0
36-45,49040.06,5,2.92,0,5.0,0.379,0.266,0
26-35,66612.4,6,1.69,0,4.0,0.439,0.229,0
36-45,15995.46,0,0.99,0,9.0,0.41,0.585,0
26-35,58831.37,6,2.41,1,6.0,0.25,0.639,0
56+,39258.98,5,3.1,0,27.0,0.223,0.55,0
36-45,115811.72,7,2.79,0,18.0,0.444,0.673,0
26-35,64473.23,7,2.98,0,9.0,0.484,0.541,0
18-25,50753.0,3,2.08,0,7.0,0.176,0.131,0
26-35,60046.9,5,3.07,0,17.0,0.382,0.684,0
26-35,27745.0,6,3.43,1,10.0,0.427,0.19,0
26-35,108455.31,12,1.7,0,7.0,0.366,0.921,0
46-55,145148.5,6,1.53,0,11.0,0.387,0.296,0
36-45,60133.06,10,1.34,0,5.0,0.351,0.695,0
36-45,112084.67,5,0.69,0,10.0,0.485,0.534,0
18-25,33324.33,6,0.58,0,20.0,0.642,0.369,0
46-55,34047.13,8,5.41,0,5.0,0.612,0.223,0
36-45,50075.19,6,0.29,0,4.0,0.07,0.424,0
18-25,56171.76,7,1.56,0,11.0,0.593,0.716,1
36-45,39939.73,7,3.67,0,1.0,0.239,0.334,0
36-45,64837.5,4,1.18,1,4.0,0.527,0.437,0
18-25,52539.6,9,1.06,0,8.0,0.606,0.402,0
26-35,27746.93,2,0.68,0,8.0,0.302,0.53,0
36-45,64200.89,9,1.64,0,10.0,0.172,0.181,0
26-35,73059.88,10,3.01,1,31.0,0.498,0.67,1
56+,59824.11,11,1.52,0,13.0,0.498,0.467,0
46-55,93842.87,6,1.8,0,6.0,0.534,0.103,0
36-45,26028.57,7,2.52,1,16.0,0.557,0.64,1
26-35,59476.36,6,0.93,0,,0.304,0.594,0
26-35,25373.33,3,0.73,0,6.0,0.406,0.375,0
36-45,27465.27,12,2.95,0,8.0,0.342,0.329,0
36-45,35309.81,2,1.59,1,8.0,0.53,0.328,0
18-25,27450.2,7,0.71,1,1.0,0.547,0.302,0
36-45,36865.9,6,4.56,0,7.0,0.398,0.778,0
46-55,46103.39,8,0.55,1,10.0,0.586,0.16,0
26-35,72064.75,6,1.42,0,10.0,0.075,0.393,0
18-25,37911.03,10,6.03,0,1.0,0.495,0.626,1
46-55,22594.79,8,1.98,0,18.0,0.204,0.192,0
26-35,84358.87,5,3.39,0,1.0,0.51,0.444,0
26-35,30173.31,6,0.93,0,12.0,0.435,0.167,1
26-35,45227.72,5,2.34,0,11.0,0.53,0.707,1
26-35,58817.75,8,1.51,0,17.0,0.175,0.374,0
46-55,57170.73,9,1.95,0,8.0,0.234,0.198,0
36-45,86592.92,8,1.04,0,21.0,0.719,0.175,1
26-35,59819.18,6,1.71,0,19.0,0.173,0.126,0
46-55,32929.33,5,4.73,0,15.0,0.229,0.295,0
46-55,159987.72,13,2.26,0,5.0,0.455,0.73,1
46-55,57014.07,7,3.64,1,13.0,0.468,0.313,1
26-35,43190.81,7,2.85,0,10.0,0.416,0.407,0
26-35,76975.4,13,4.26,1,6.0,0.302,0.234,0
56+,62299.86,7,3.47,0,14.0,0.199,0.544,0
46-55,63424.07,10,4.57,0,16.0,0.479,0.271,0
18-25,163723.72,13,1.8,1,13.0,0.81,0.275,1
18-25,38829.55,3,1.95,0,2.0,0.339,0.57,0
26-35,39527.99,5,1.35,0,7.0,0.166,0.081,0
56+,58140.68,5,0.68,0,18.0,0.764,0.175,0
36-45,85578.41,6,4.11,1,26.0,0.585,0.662,1
36-45,22395.21,6,0.91,0,7.0,0.716,0.343,0
18-25,16121.53,2,0.47,0,3.0,0.222,0.422,0
36-45,36123.54,6,1.27,0,5.0,0.209,0.648,0
46-55,22034.4,5,2.9,1,,0.778,0.205,1
26-35,37387.35,5,3.94,0,4.0,0.231,0.817,0
46-55,66923.12,8,2.85,0,17.0,0.455,0.516,0
56+,34434.37,5,2.65,0,16.0,0.37,0.633,0
26-35,22204.5,5,6.17,0,14.0,0.433,0.88,1
36-45,50820.51,7,0.65,0,3.0,0.238,0.188,0
26-35,73022.48,8,1.93,0,4.0,0.376,0.324,0
46-55,21345.88,4,1.19,1,2.0,0.622,0.224,0
36-45,75095.87,7,2.47,0,14.0,0.235,0.235,0
36-45,74981.69,7,1.27,0,4.0,0.312,0.582,0
46-55,84636.78,3,0.24,0,,0.407,0.488,0
26-35,87869.65,8,2.47,1,6.0,0.592,0.429,0
56+,165000.0,13,2.4,1,19.0,0.57,0.755,1
36-45,40734.56,6,1.18,0,13.0,0.457,0.058,0
26-35,49364.03,5,1.34,0,4.0,0.339,0.729,0
36-45,39476.15,5,0.8,0,6.0,0.676,0.739,1
46-55,51587.15,6,1.67,0,2.0,0.076,0.361,0
26-35,103475.91,9,8.66,0,4.0,0.253,0.262,1
46-55,25606.27,7,4.97,0,8.0,0.505,0.152,0
56+,34970.29,12,1.49,1,7.0,0.514,0.192,0
26-35,95428.65,6,1.91,1,0.0,0.294,0.38,0
56+,93005.97,9,1.02,0,5.0,0.692,0.486,1
18-25,37092.55,5,3.48,0,3.0,0.158,0.507,0
26-35,72713.99,7,0.51,0,10.0,0.08,0.584,0
26-35,55683.11,6,0.78,0,15.0,0.193,0.724,0
46-55,112436.38,8,0.33,0,7.0,0.225,0.487,0
36-45,50957.39,12,1.11,0,1.0,0.229,0.725,0
26-35,79485.41,6,0.93,0,8.0,0.227,0.51,0
26-35,165000.0,10,0.63,0,6.0,0.556,0.797,0
36-45,66903.83,10,1.13,0,17.0,0.215,0.757,1
18-25,45965.7,6,1.9,0,7.0,0.508,0.53,1
46-55,75032.18,6,1.01,0,5.0,0.617,0.353,0
46-55,42618.94,7,0.66,0,11.0,0.098,0.469,0
36-45,165000.0,7,1.27,0,16.0,0.401,0.587,0
56+,60092.3,13,2.04,0,2.0,0.339,0.602,0
26-35,40460.23,7,0.62,1,7.0,0.879,0.718,1
56+,35434.52,9,2.32,0,6.0,0.103,0.646,0
36-45,86729.95,7,0.46,0,9.0,0.427,0.648,0
36-45,76952.02,6,1.26,0,17.0,0.392,0.515,0
26-35,36003.65,6,1.19,0,9.0,0.174,0.69,0
46-55,69546.77,3,0.27,0,13.0,0.398,0.696,0
26-35,21280.59,8,5.29,0,1.0,0.488,0.129,1
26-35,51337.91,10,1.71,0,11.0,0.268,0.791,0
18-25,56694.55,8,1.08,1,4.0,0.694,0.533,1
36-45,119111.05,7,0.18,0,5.0,0.682,0.334,0
36-45,32832.5,8,2.54,0,5.0,0.131,0.493,0
36-45,25216.57,10,1.21,0,3.0,0.18,0.906,0
46-55,32350.26,11,2.63,0,11.0,0.471,0.429,0
18-25,22359.0,2,1.0,0,18.0,0.264,0.436,0
36-45,98229.5,9,2.61,0,4.0,0.319,0.618,0
26-35,104327.73,7,0.58,0,3.0,0.701,0.405,1
46-55,60871.03,7,4.04,0,3.0,0.789,0.179,1
46-55,97253.22,8,1.53,0,19.0,0.121,0.252,0
36-45,52557.25,7,1.93,0,6.0,0.126,0.162,0
36-45,46655.31,7,2.73,0,1.0,0.579,0.548,1
26-35,39215.23,6,1.72,0,6.0,0.272,0.719,0
36-45,41714.19,5,2.56,0,14.0,0.584,0.391,1
46-55,23043.6,5,0.57,0,7.0,0.581,0.32,0
26-35,53498.69,3,1.7,0,3.0,0.372,0.632,1
26-35,45662.21,11,3.57,1,16.0,0.458,0.573,1
36-45,72228.33,4,1.62,1,1.0,0.295,0.494,0
46-55,54102.31,8,3.89,0,6.0,0.519,0.365,0
26-35,42847.14,3,1.61,0,7.0,0.157,0.505,0
26-35,29642.95,3,1.78,0,9.0,0.426,0.839,0
36-45,50894.99,6,0.73,0,5.0,0.305,0.333,0
46-55,75650.8,7,0.64,0,20.0,0.597,0.5,0
18-25,,4,1.86,0,6.0,0.412,0.694,0
26-35,48800.04,6,1.54,0,14.0,0.32,0.404,0
18-25,50573.47,7,0.17,0,25.0,0.119,0.291,0
26-35,32099.84,4,3.19,1,3.0,0.25,0.233,0
26-35,34348.54,6,0.59,0,,0.203,0.68,0
36-45,55266.25,9,1.72,0,7.0,0.153,0.648,0
36-45,27190.45,3,1.79,0,8.0,0.204,0.437,0
36-45,58803.72,3,3.01,0,0.0,0.654,0.434,1
26-35,29272.85,4,4.24,0,4.0,0.342,0.853,0
46-55,89561.78,6,4.22,0,19.0,0.577,0.588,0
36-45,165000.0,5,1.69,0,15.0,0.673,0.21,0
56+,34975.62,7,3.42,1,12.0,0.261,0.541,0
36-45,64717.58,8,2.12,1,5.0,0.878,0.421,1
18-25,30702.34,6,1.71,0,2.0,0.532,0.121,0
36-45,84229.14,7,1.18,0,7.0,0.712,0.913,1
26-35,24150.63,4,0.92,0,14.0,0.784,0.7,0
36-45,62937.98,6,2.94,0,4.0,0.516,0.659,1
18-25,28454.05,6,0.85,0,5.0,0.244,0.492,0
26-35,41871.81,5,1.82,1,7.0,0.702,0.26,0
46-55,30147.79,6,3.13,0,14.0,0.092,0.38,0
26-35,71512.12,8,0.89,1,11.0,0.915,0.432,0
46-55,33348.57,6,1.79,1,14.0,0.723,0.828,1
26-35,62132.31,7,1.35,0,13.0,0.23,0.358,0
36-45,40989.41,11,1.68,0,6.0,0.413,0.563,0
36-45,46187.96,6,1.98,0,,0.561,0.417,0
36-45,52935.69,8,1.4,0,24.0,0.743,0.067,0
26-35,31377.65,3,3.5,1,0.0,0.419,0.295,0
26-35,52020.38,5,0.46,0,12.0,0.132,0.349,0
18-25,99287.4,8,2.7,0,11.0,0.05,0.528,0
26-35,31113.3,6,1.45,0,3.0,0.245,0.453,0
36-45,90160.01,7,0.57,0,10.0,0.749,0.358,0
56+,119253.98,9,1.41,0,14.0,0.312,0.389,0
46-55,33711.67,12,5.58,0,3.0,0.529,0.599,0
46-55,24182.19,3,0.99,0,10.0,0.124,0.083,0
46-55,60295.92,6,0.97,0,1.0,0.301,0.078,0
36-45,36877.18,5,1.94,0,5.0,0.843,0.284,0
26-35,123213.47,9,2.66,1,9.0,0.313,0.361,1
56+,55720.31,8,3.11,1,2.0,0.885,0.347,1
36-45,32301.09,7,3.34,1,3.0,0.828,0.264,0
36-45,26996.89,8,1.36,0,11.0,0.657,0.131,0
18-25,78964.26,12,2.28,0,32.0,0.486,0.07,1
26-35,34647.62,3,0.35,0,16.0,0.289,0.765,0
26-35,47704.98,5,1.47,0,9.0,0.515,0.236,0
46-55,84712.41,11,2.85,1,11.0,0.302,0.725,1
36-45,38108.23,4,0.5,0,11.0,0.539,0.426,0
26-35,45529.56,6,2.35,0,8.0,0.077,0.948,0
56+,,9,0.8,0,1.0,0.24,0.531,0
18-25,63916.24,4,0.49,0,4.0,0.024,0.322,0
26-35,63397.97,4,0.97,1,3.0,0.597,0.26,0
18-25,,6,2.2,0,22.0,0.166,0.466,0
36-45,50670.42,8,2.58,1,2.0,0.47,0.328,1
56+,45101.69,5,0.87,0,20.0,0.184,0.404,0
26-35,21625.78,6,7.2,0,24.0,0.414,0.53,0
46-55,58920.98,7,2.31,0,8.0,0.367,0.436,0
26-35,124734.12,11,1.28,0,7.0,0.58,0.588,0
56+,34560.48,3,1.28,0,7.0,0.249,0.089,0
46-55,34476.2,9,4.14,0,15.0,0.426,0.367,0
46-55,32768.45,9,3.02,0,12.0,0.408,0.299,0
18-25,65302.64,11,1.59,0,12.0,0.123,0.098,0
56+,69093.26,9,1.58,0,13.0,0.376,0.281,0
36-45,45141.64,6,0.26,0,4.0,0.281,0.406,0
26-35,28929.88,5,4.18,0,10.0,0.204,0.522,0
46-55,54070.06,9,0.82,0,18.0,0.222,0.588,0
26-35,20669.13,7,1.2,1,6.0,0.66,0.235,0
46-55,55524.62,9,1.27,1,9.0,0.378,0.524,0
18-25,70487.64,11,5.37,0,10.0,0.14,0.8,0
36-45,25575.15,5,1.76,0,2.0,,0.146,0
36-45,22094.64,8,3.19,0,6.0,0.368,0.337,0
18-25,101855.22,8,0.25,1,5.0,1.0,0.582,1
26-35,33924.24,7,1.18,0,8.0,0.399,0.203,0
18-25,80877.66,4,2.42,1,3.0,0.41,0.222,0
26-35,43041.55,7,1.68,0,3.0,0.204,0.772,0
26-35,42863.82,2,6.49,0,6.0,0.259,0.167,0
36-45,61572.75,9,2.81,0,11.0,0.355,0.262,0
26-35,29446.21,4,2.48,1,8.0,0.888,0.546,1
26-35,49956.03,3,0.87,0,6.0,0.469,0.044,0
36-45,40200.13,8,3.01,0,17.0,0.244,0.481,0
18-25,22546.69,3,4.27,0,7.0,0.229,0.682,0
56+,65217.99,9,1.59,0,4.0,0.349,0.625,1
46-55,44939.84,7,1.93,0,20.0,0.224,0.626,0
36-45,45177.17,7,5.21,1,5.0,0.613,0.172,1
36-45,26126.78,6,3.28,1,13.0,0.316,0.679,0
46-55,117892.47,5,1.13,0,7.0,0.67,0.414,0
26-35,73562.55,10,5.12,1,3.0,0.646,0.512,1
18-25,73966.02,11,2.67,1,2.0,0.673,0.395,1
26-35,39781.96,4,2.1,0,1.0,0.193,0.573,0
46-55,20969.51,11,3.79,0,25.0,0.515,0.047,0
18-25,123687.94,13,2.8,0,14.0,0.318,0.553,0
36-45,47487.86,5,1.33,0,12.0,0.563,0.761,0
56+,37072.25,6,2.71,1,9.0,0.795,0.058,0
46-55,64006.3,10,1.09,0,7.0,0.618,0.251,0
36-45,89940.43,9,3.69,0,8.0,0.046,0.451,0
18-25,44267.84,5,1.7,1,17.0,0.755,0.154,0
46-55,100193.55,18,0.71,1,8.0,0.53,0.522,1
36-45,86090.98,12,1.55,0,14.0,0.433,0.13,0
18-25,25598.31,1,3.24,1,6.0,0.66,0.616,0
18-25,31559.48,9,1.44,0,9.0,0.5,0.483,0
56+,90031.9,7,2.04,0,15.0,0.524,0.258,0
36-45,15000.0,10,0.21,0,5.0,0.646,0.303,0
46-55,47680.75,3,1.35,0,6.0,0.228,0.466,0
46-55,24488.72,6,0.47,0,14.0,0.255,0.54,0
36-45,38261.22,7,1.43,1,2.0,0.326,0.36,0
36-45,41965.94,8,3.0,0,5.0,0.531,0.287,0
26-35,38704.57,6,1.62,0,16.0,0.095,0.501,0
26-35,34990.23,9,1.25,0,9.0,0.397,0.628,1
26-35,26356.9,2,0.4,1,24.0,0.242,0.398,0
46-55,165000.0,12,0.96,0,15.0,0.215,0.209,0
36-45,129453.92,7,0.8,0,8.0,0.333,0.261,0
46-55,28161.91,5,2.43,0,4.0,0.664,0.528,0
26-35,106159.79,8,1.56,1,1.0,0.263,0.277,0
36-45,39826.11,4,2.76,1,8.0,0.62,0.391,0
36-45,52427.03,8,2.96,0,12.0,0.248,0.573,0
36-45,47434.14,6,1.75,0,1.0,0.34,0.274,0
36-45,34784.62,9,1.52,1,15.0,0.704,0.289,0
26-35,77777.17,9,2.48,0,6.0,0.746,0.166,0
36-45,52337.11,7,1.21,1,9.0,0.652,0.737,1
18-25,34968.16,3,0.44,0,16.0,,0.055,0
26-35,23661.71,5,2.8,1,5.0,0.859,0.729,1
36-45,30801.87,5,1.54,0,10.0,0.284,0.51,0
36-45,,9,2.68,0,16.0,0.423,0.511,0
56+,55069.77,10,0.99,0,14.0,0.57,0.289,0
36-45,26310.78,7,1.04,0,6.0,0.245,0.372,0
36-45,42698.05,6,3.2,1,5.0,0.258,0.792,0
36-45,99952.76,12,0.71,0,0.0,0.22,0.626,0
36-45,91458.06,5,0.79,0,3.0,0.035,0.56,0
18-25,44055.96,3,0.71,0,17.0,0.226,0.236,0
26-35,44565.53,6,2.51,1,17.0,0.377,0.369,0
26-35,123937.76,21,2.71,0,12.0,,0.597,1
36-45,64266.46,6,0.97,0,2.0,0.036,0.552,0
18-25,37780.21,7,2.35,0,10.0,0.669,0.265,0
18-25,21342.82,7,0.64,0,14.0,0.361,0.521,0
26-35,57228.89,4,3.72,0,6.0,0.393,0.398,0
56+,84225.11,5,1.21,0,16.0,,0.436,0
26-35,33575.14,7,1.64,0,20.0,0.225,0.086,0
36-45,57035.29,8,1.27,1,6.0,0.301,0.211,0
26-35,38597.47,5,2.12,1,22.0,0.741,0.184,0
36-45,44547.14,6,1.7,0,8.0,,0.372,0
26-35,15000.0,4,2.8,0,8.0,0.19,0.093,0
26-35,41550.87,4,1.46,0,1.0,0.573,0.721,0
36-45,81151.42,6,1.33,1,3.0,0.517,0.547,0
18-25,32262.82,6,0.53,0,13.0,0.836,0.507,1
18-25,46042.2,4,2.94,0,11.0,0.584,0.568,1
26-35,31473.64,5,1.05,0,4.0,0.426,0.471,0
18-25,54037.29,2,0.82,1,15.0,0.387,0.159,0
18-25,40030.94,5,0.32,0,8.0,0.335,0.482,0
26-35,28612.37,3,3.76,0,6.0,0.512,0.529,0
46-55,103045.59,6,3.25,1,9.0,0.88,0.569,1
36-45,79462.83,4,0.87,0,14.0,0.409,0.552,0
36-45,35790.88,7,4.36,1,8.0,0.368,0.56,0
26-35,60406.37,6,5.47,0,10.0,0.302,0.148,0
56+,72363.28,6,1.43,0,7.0,0.144,0.247,0
26-35,,6,4.2,1,16.0,0.315,0.288,1
18-25,18564.14,6,0.56,0,8.0,0.346,0.477,0
36-45,82738.09,6,2.88,0,8.0,0.375,0.293,0
18-25,33314.78,7,1.68,0,4.0,0.312,0.207,0
26-35,38712.95,8,1.87,1,3.0,0.275,0.659,0
36-45,165000.0,8,2.69,0,3.0,0.224,0.529,1
46-55,60293.17,6,1.66,0,5.0,0.169,0.439,0
36-45,40099.23,7,1.79,0,14.0,0.752,0.666,1
36-45,15572.27,5,1.23,0,10.0,0.596,0.293,0
56+,112721.71,13,2.84,0,12.0,0.419,0.566,1
18-25,22258.76,3,2.56,0,7.0,0.365,0.582,0
26-35,27672.98,1,1.76,0,18.0,0.366,0.513,0
26-35,39249.61,6,4.82,1,17.0,0.363,0.25,1
26-35,97395.39,11,0.97,0,6.0,0.336,0.496,0
26-35,69709.01,8,1.21,0,,0.248,0.514,0
56+,50408.97,5,1.25,0,3.0,0.522,0.316,0
36-45,57544.39,9,0.96,0,19.0,0.39,0.414,0
36-45,35875.13,6,1.31,0,7.0,0.356,0.697,0
26-35,50142.28,1,1.14,0,6.0,0.502,0.258,0
46-55,53537.37,8,0.44,0,15.0,0.378,0.132,0
56+,90559.32,8,1.08,0,16.0,0.551,0.638,0
46-55,85214.99,10,3.72,0,14.0,0.307,0.155,0
18-25,57922.91,3,1.34,0,4.0,0.641,0.221,0
36-45,40602.27,8,4.68,0,11.0,0.234,0.829,0
18-25,65890.37,3,1.25,0,16.0,0.306,0.501,0
26-35,44452.5,4,2.11,0,18.0,0.407,0.532,0
18-25,25524.77,1,2.63,1,9.0,0.368,0.289,0
36-45,39747.03,8,1.05,0,10.0,0.36,0.367,0
36-45,51223.52,5,2.32,1,8.0,0.604,0.227,0
18-25,71920.18,8,1.94,0,7.0,0.12,0.533,0
26-35,42385.66,5,0.82,0,5.0,0.545,0.755,0
26-35,24865.0,8,1.78,0,8.0,0.333,0.241,0
26-35,48026.38,12,4.11,0,24.0,0.442,0.584,1
18-25,47524.33,11,1.48,0,12.0,0.246,0.454,0
26-35,51361.06,7,4.73,0,5.0,0.554,0.763,1
46-55,,7,1.29,1,4.0,0.555,0.533,0
18-25,76102.78,12,2.35,0,16.0,0.09,0.332,0
18-25,32892.84,3,1.38,0,4.0,0.577,0.475,0
26-35,33846.99,8,1.97,0,4.0,0.782,0.302,0
56+,31859.68,7,0.6,0,1.0,,0.426,0
36-45,70501.14,9,1.52,0,5.0,0.409,0.823,0
36-45,104129.07,6,4.61,0,19.0,0.336,0.279,0
26-35,39583.09,11,2.74,0,17.0,0.064,0.559,0
36-45,43237.18,6,3.62,0,25.0,0.323,0.386,0
18-25,96059.87,14,3.32,0,16.0,0.215,0.323,0
36-45,63760.56,8,0.37,0,9.0,0.59,0.645,0
56+,68654.54,8,2.16,0,17.0,0.418,0.399,0
36-45,26389.55,9,3.08,0,6.0,0.254,0.25,0
46-55,73345.66,12,1.14,0,3.0,0.321,0.396,0
36-45,30237.83,6,1.63,0,9.0,0.619,0.345,0
18-25,24842.46,11,0.76,0,6.0,0.043,0.591,0
56+,45692.01,13,4.92,0,21.0,0.686,0.716,1
18-25,33037.14,5,2.41,0,7.0,0.597,0.294,0
36-45,43685.35,5,1.93,0,26.0,0.563,0.276,0
18-25,,4,0.95,0,6.0,0.128,0.167,0
18-25,73760.93,7,0.81,0,8.0,0.697,0.514,0
26-35,83817.48,12,0.98,0,16.0,0.297,0.348,0
26-35,16939.14,5,0.68,0,9.0,0.334,0.389,0
36-45,81535.85,10,1.45,0,15.0,0.079,0.65,0
36-45,,4,3.02,0,6.0,0.292,0.698,0
18-25,69956.39,10,2.24,1,12.0,0.51,0.582,1
18-25,43235.09,6,1.67,0,1.0,0.643,0.115,0
36-45,49759.83,12,1.88,0,8.0,0.31,0.524,0
26-35,42351.08,6,1.05,0,6.0,0.302,0.505,0
36-45,92070.25,9,0.67,0,2.0,0.558,0.22,0
36-45,25730.03,4,2.43,0,4.0,0.703,0.138,0
46-55,70691.24,9,1.82,0,8.0,0.363,0.348,0
36-45,86915.5,9,0.55,0,13.0,0.128,0.425,0
26-35,67676.67,4,4.76,0,13.0,,0.382,0
36-45,164200.49,10,0.22,1,5.0,0.688,0.319,1
26-35,35417.02,3,4.06,1,3.0,0.536,0.609,1
26-35,76710.86,5,0.51,0,8.0,0.315,0.638,0
46-55,48768.16,5,1.12,0,9.0,0.068,0.199,0
26-35,88554.3,8,4.05,0,3.0,0.239,0.356,1
46-55,51328.51,7,1.82,0,10.0,0.275,0.885,0
46-55,42121.12,9,1.38,0,15.0,0.354,0.754,0
46-55,101636.45,12,1.62,1,6.0,0.3,0.376,0
56+,42378.13,7,0.87,0,4.0,0.136,0.58,0
26-35,22367.91,5,1.2,0,8.0,0.344,0.591,0
26-35,35640.56,11,1.97,1,14.0,0.98,0.301,1
36-45,67636.1,5,1.17,0,9.0,0.186,0.274,0
26-35,96168.79,9,1.17,0,0.0,0.397,0.498,0
36-45,51937.03,6,2.79,1,6.0,0.538,0.565,1
36-45,97291.07,5,1.74,0,9.0,0.132,0.401,0
36-45,24191.32,5,3.76,0,13.0,0.136,0.435,0
26-35,37030.72,7,1.6,0,2.0,0.565,0.363,0
26-35,40132.47,7,0.55,0,2.0,0.385,0.217,0
26-35,43933.35,6,1.39,0,5.0,0.601,0.37,0
18-25,46804.24,5,1.35,1,9.0,0.611,0.083,0
46-55,73811.79,11,4.97,0,15.0,0.218,0.76,0
26-35,37001.01,6,4.4,0,14.0,0.316,0.264,1
26-35,50125.99,8,1.31,0,15.0,0.11,0.22,0
18-25,43762.65,5,0.54,0,4.0,0.373,0.567,0
36-45,30288.92,6,0.85,0,11.0,0.581,0.411,0
36-45,46207.31,3,0.88,0,15.0,0.627,0.301,0
26-35,43273.56,7,2.48,0,7.0,0.027,0.068,0
18-25,,6,1.39,0,5.0,0.278,0.244,0
26-35,47406.51,5,2.48,0,6.0,0.321,0.25,0
26-35,48501.51,3,3.18,0,9.0,0.741,0.211,0
36-45,39151.99,7,4.1,0,1.0,0.79,0.544,1
36-45,95017.05,11,1.77,1,2.0,0.549,0.611,1
26-35,25383.89,9,0.83,0,2.0,0.191,0.728,0
26-35,32051.38,5,3.03,0,19.0,0.279,0.477,0
56+,165000.0,16,4.17,1,2.0,0.503,0.305,1
26-35,27180.21,3,1.81,0,6.0,0.306,0.108,0
36-45,24246.99,3,1.91,0,4.0,0.083,0.322,0
18-25,65639.17,4,0.71,0,9.0,0.415,0.413,0
36-45,16645.54,83,1.48,1,15.0,0.836,0.517,1
18-25,39642.52,6,0.36,1,24.0,0.429,0.338,0
36-45,149616.25,9,2.82,0,15.0,0.281,0.674,0
56+,24505.02,12,1.97,0,8.0,0.119,0.375,0
26-35,16636.9,3,1.51,0,7.0,0.549,0.101,0
18-25,20546.09,6,1.17,0,4.0,0.814,0.163,0
18-25,71478.14,4,0.48,0,9.0,0.138,0.625,0
26-35,83690.76,13,0.57,0,20.0,0.236,0.496,0
26-35,35719.56,5,1.79,0,10.0,0.32,0.308,0
18-25,63912.51,6,1.99,0,8.0,0.378,0.402,0
46-55,106184.43,17,2.2,0,16.0,0.325,0.588,0
26-35,118115.72,7,5.46,1,23.0,0.491,0.517,1
26-35,41023.72,5,0.25,0,16.0,0.106,0.26,0
56+,16535.0,6,0.69,0,24.0,0.309,0.536,0
18-25,29235.62,5,4.77,1,14.0,0.68,0.555,1
56+,43829.48,3,1.13,0,3.0,0.778,0.594,0
26-35,40755.73,11,4.41,0,19.0,0.383,0.442,0
46-55,46738.01,11,1.4,0,8.0,0.648,0.501,0
36-45,87712.98,8,1.07,1,8.0,0.533,0.56,0
46-55,99977.73,7,2.29,0,2.0,0.543,0.538,0
56+,50047.59,10,0.56,0,3.0,0.241,0.486,0
26-35,82554.35,10,0.38,0,3.0,0.362,0.505,0
56+,65905.94,9,0.72,0,6.0,0.142,0.418,0
26-35,48220.67,4,2.43,1,5.0,0.53,0.417,1
26-35,74712.52,6,3.1,0,7.0,0.33,0.403,0
26-35,48415.3,7,3.85,0,15.0,0.505,0.47,1
36-45,142923.07,10,1.97,1,16.0,0.433,0.404,1
26-35,22071.14,4,6.18,0,3.0,0.412,0.852,1
36-45,37500.56,10,1.56,0,5.0,0.215,0.566,0
36-45,45899.53,9,1.12,0,7.0,0.244,0.456,0
46-55,64764.66,3,0.68,0,3.0,0.422,0.144,0
46-55,99642.04,13,4.72,0,16.0,,0.403,1
26-35,46042.16,5,1.59,0,3.0,0.317,0.764,0
26-35,22257.64,7,3.7,0,10.0,0.09,0.466,0
26-35,72265.87,9,2.19,1,12.0,0.498,0.284,1
26-35,69049.48,4,2.63,0,8.0,,0.479,0
18-25,16321.42,6,2.33,0,1.0,0.314,0.362,0
26-35,46537.88,7,0.72,0,16.0,0.309,0.216,0
26-35,20396.66,7,2.76,1,5.0,0.604,0.396,1
56+,38730.45,7,1.28,0,3.0,0.305,0.593,0
36-45,30654.64,3,1.2,1,25.0,0.544,0.814,1
26-35,71027.16,7,8.97,0,10.0,0.326,0.107,1
36-45,52091.22,10,4.0,0,25.0,0.217,0.189,0
18-25,22959.63,5,2.07,0,13.0,0.798,0.712,0
26-35,73690.88,9,4.52,0,19.0,0.583,0.014,1
36-45,23258.38,6,1.99,0,2.0,0.373,0.101,0
36-45,58201.08,4,1.87,0,5.0,0.477,0.309,0
26-35,30537.61,7,1.9,0,2.0,0.293,0.435,0
56+,45245.02,7,0.3,0,19.0,0.243,0.578,0
46-55,66984.79,6,0.98,0,5.0,0.331,0.269,0
36-45,64289.63,6,1.34,0,6.0,0.546,0.56,0
36-45,98245.42,9,2.68,0,10.0,0.156,0.275,0
36-45,46968.29,6,2.55,0,14.0,0.294,0.292,0
26-35,221625.58736523666,9,2.41,1,7.0,0.399,0.408,0
26-35,37137.28,7,1.18,0,25.0,0.383,0.412,0
18-25,49248.53,6,6.38,1,7.0,0.422,0.38,1
36-45,61607.12,8,2.36,0,8.0,0.301,0.776,0
36-45,46577.78,6,0.99,0,17.0,0.509,0.486,0
26-35,18252.36,12,5.41,0,16.0,0.629,0.16,1
56+,65014.45,8,1.99,0,4.0,0.268,0.373,0
56+,66142.84,9,1.14,0,7.0,0.659,0.768,1
36-45,34417.13,8,1.19,0,6.0,0.123,0.742,0
36-45,25137.57,5,0.5,0,12.0,0.556,0.774,0
46-55,111019.06,13,3.66,1,7.0,0.515,0.102,0
18-25,57846.7,6,0.79,0,6.0,0.49,0.207,0
46-55,45746.83,4,0.32,1,13.0,0.422,0.39,0
18-25,24803.57,4,1.01,0,4.0,0.146,0.343,0
46-55,33612.6,5,2.46,0,4.0,0.404,0.351,0
26-35,91798.11,8,1.91,0,4.0,0.45,0.368,0
46-55,55358.43,7,2.74,0,7.0,0.502,0.269,0
56+,41097.18,9,2.83,0,6.0,0.627,0.526,1
18-25,58398.09,7,1.68,0,11.0,0.199,0.08,0
26-35,30531.46,6,1.94,0,11.0,0.626,0.705,1
56+,119424.35,7,1.33,0,12.0,0.266,0.728,0
36-45,99057.55,9,2.88,0,12.0,0.125,0.455,0
46-55,40432.19,9,0.67,1,4.0,0.48,0.771,1
36-45,35351.34,3,0.95,0,11.0,0.658,0.729,1
26-35,15000.0,8,2.84,0,4.0,0.641,0.7,0
26-35,21581.2,6,3.15,0,6.0,0.506,0.637,1
26-35,23236.41,2,4.49,1,5.0,0.624,0.859,1
46-55,55287.33,10,1.74,0,1.0,0.393,0.176,0
26-35,39354.22,5,2.53,0,13.0,0.529,0.44,0
36-45,24353.37,5,2.14,0,22.0,0.229,0.063,0
36-45,42353.01,6,1.54,0,1.0,0.241,0.141,0
36-45,63753.24,5,1.54,0,14.0,0.282,0.639,0
46-55,67810.78,9,3.8,0,13.0,0.164,0.507,0
56+,20377.19,5,1.63,0,7.0,0.113,0.533,0
26-35,43621.39,4,2.28,0,8.0,0.329,0.603,0
46-55,25101.0,8,1.2,1,3.0,0.291,0.787,1
46-55,82363.6,9,1.28,1,15.0,0.85,0.632,1
36-45,73699.86,13,0.65,0,8.0,0.234,0.855,0
56+,34304.29,6,0.8,0,11.0,0.133,0.719,0
26-35,31308.86,3,2.33,0,18.0,0.363,0.428,0
18-25,35247.19,3,1.32,0,3.0,0.108,0.487,0
46-55,15971.28,5,1.13,0,15.0,0.319,0.768,0
26-35,55531.37,2,2.95,1,14.0,0.901,0.379,1
46-55,44717.53,6,2.29,0,27.0,,0.184,0
46-55,85347.89,12,1.81,0,24.0,0.313,0.163,0
18-25,25306.77,10,0.66,0,3.0,0.466,0.522,0
46-55,37348.8,5,2.01,0,2.0,0.591,0.568,0
26-35,21303.08,8,1.71,0,11.0,0.101,0.305,0
36-45,29078.92,7,2.12,0,35.0,0.314,0.553,0
36-45,26512.44,14,2.14,1,1.0,0.918,0.219,1
56+,91849.47,5,2.68,0,6.0,0.159,0.271,0
18-25,31160.42,7,0.71,0,12.0,0.657,0.211,0
36-45,52290.57,5,1.67,0,9.0,0.17,0.386,0
36-45,40215.31,9,1.45,1,9.0,0.331,0.28,1
36-45,25333.38,4,1.33,1,4.0,0.747,0.236,1
36-45,44913.05,7,4.07,0,13.0,0.028,0.44,0
18-25,61177.44,7,0.98,0,,0.113,0.124,0
26-35,24883.62,3,2.06,0,11.0,0.484,0.099,0
26-35,71021.55,12,0.95,0,6.0,0.609,0.389,0
46-55,33128.36,7,0.53,0,6.0,,0.523,0
26-35,36273.7,2,1.72,0,16.0,0.161,0.519,0
26-35,61448.53,5,2.42,0,17.0,0.213,0.295,0
56+,38754.93,7,0.22,1,8.0,0.668,0.539,0
18-25,45685.62,10,1.47,0,3.0,0.379,0.685,0
56+,46460.64,9,2.02,0,1.0,0.253,0.461,0
36-45,52431.95,6,1.9,0,10.0,0.102,0.309,0
46-55,15000.0,11,2.16,0,16.0,0.247,0.807,0
26-35,18007.89,5,2.84,0,9.0,0.344,0.326,0
18-25,61716.27,9,0.36,0,15.0,0.077,0.441,0
36-45,84064.05,10,0.83,0,10.0,0.258,0.504,0
46-55,32097.93,6,1.74,0,3.0,0.225,0.251,0
36-45,43178.81,13,1.46,1,11.0,0.593,0.549,1
18-25,52221.73,11,1.93,0,4.0,0.665,0.566,1
46-55,73900.37,9,0.74,0,7.0,0.571,0.478,0
46-55,17954.71,8,1.98,0,19.0,0.48,0.4,0
36-45,30923.11,5,3.56,0,8.0,,0.173,0
46-55,43349.86,4,4.03,1,5.0,0.379,0.513,0
46-55,74282.67,6,4.21,0,7.0,0.38,0.308,0
36-45,165000.0,15,1.26,0,3.0,0.415,0.238,0
18-25,39792.63,4,1.44,0,12.0,0.479,0.668,0
36-45,23585.13,5,3.03,0,6.0,0.216,0.776,0
18-25,,5,0.69,0,8.0,0.517,0.347,0
26-35,92680.91,8,3.7,0,18.0,0.239,0.065,0
26-35,49324.06,14,1.87,1,3.0,0.306,0.395,0
18-25,27960.35,4,1.45,1,2.0,0.631,0.189,1
26-35,76738.35,5,1.82,0,4.0,0.794,0.587,0
18-25,63262.23,5,0.13,0,5.0,0.236,0.592,0
46-55,30225.4,8,0.96,0,5.0,0.313,0.743,0
56+,66725.42,5,1.53,0,9.0,0.052,0.24,0
18-25,75250.52,5,2.9,0,5.0,0.285,0.365,0
56+,101172.56,12,2.03,0,7.0,0.478,0.501,0
36-45,47355.89,3,4.13,0,,0.546,0.671,0
26-35,38707.89,4,3.28,0,1.0,0.471,0.396,0
18-25,84811.16,4,1.55,0,8.0,0.201,0.72,0
36-45,26126.79,8,3.73,1,6.0,0.284,0.754,0
46-55,64735.25,12,0.94,0,3.0,0.199,0.745,0
36-45,24042.69,8,1.01,1,14.0,0.769,0.738,1
18-25,77963.47,3,1.43,0,7.0,0.453,0.577,0
18-25,39175.87,2,0.7,0,13.0,0.186,0.465,0
26-35,90189.05,9,1.13,0,23.0,0.548,0.451,0
26-35,60206.44,10,1.28,0,,0.075,0.467,0
26-35,24684.37,3,2.86,1,23.0,0.335,0.192,0
26-35,97812.38,9,4.0,1,13.0,0.757,0.202,1
46-55,115456.32,13,3.04,0,6.0,0.136,0.164,0
56+,86576.96,8,2.43,0,16.0,0.115,0.673,0
26-35,31381.52,4,1.0,0,21.0,0.101,0.673,0
56+,46670.74,14,0.33,0,10.0,0.067,0.564,0
26-35,50293.05,8,0.99,0,13.0,0.392,0.153,0
36-45,33998.46,3,0.68,0,25.0,,0.474,0
26-35,112422.59,13,2.56,0,10.0,0.51,0.648,1
36-45,52841.37,9,0.33,0,3.0,0.497,0.341,0
56+,15000.0,7,3.42,1,3.0,0.845,0.226,1
36-45,58481.46,8,2.28,0,,0.528,0.66,0
26-35,38908.12,1,2.86,0,5.0,0.418,0.701,0
36-45,47147.59,9,4.9,1,25.0,0.867,0.488,1
18-25,36986.86,2,2.85,0,4.0,0.215,0.672,0
46-55,78406.66,4,0.5,0,1.0,0.397,0.376,0
36-45,87749.17,9,1.66,0,14.0,0.347,0.156,0
26-35,54024.21,5,0.49,0,6.0,0.435,0.294,0
36-45,41091.57,5,0.56,0,3.0,0.244,0.298,0
36-45,47978.33,13,1.38,0,9.0,0.127,0.191,0
18-25,45260.58,10,4.06,0,19.0,0.253,0.235,0
36-45,32297.22,7,1.32,0,10.0,0.694,0.528,1
26-35,63009.63,5,0.56,0,11.0,0.395,0.466,0
36-45,62269.19,7,2.01,0,10.0,0.253,0.39,0
46-55,114809.49,14,3.5,0,29.0,0.141,0.253,0
46-55,98990.77,7,2.01,1,4.0,0.296,0.769,0
36-45,34318.82,10,0.81,0,3.0,0.602,0.561,0
36-45,75098.45,6,2.15,0,17.0,0.661,0.48,1
18-25,27323.55,5,0.54,0,11.0,0.182,0.35,0
46-55,74004.76,10,1.17,0,10.0,0.201,0.367,0
26-35,35644.87,5,2.25,0,13.0,0.723,0.823,0
36-45,28793.6,3,1.03,0,16.0,0.105,0.435,0
26-35,53939.78,10,0.86,0,5.0,0.164,0.353,0
18-25,15000.0,11,0.27,0,4.0,0.172,0.144,0
36-45,19722.05,11,1.09,0,6.0,0.597,0.211,0
18-25,40851.72,5,2.28,0,27.0,0.235,0.573,1
36-45,51168.01,8,0.35,0,,0.334,0.438,0
26-35,38482.32,3,2.34,0,7.0,0.558,0.436,0
18-25,19706.29,6,3.4,0,3.0,0.129,0.15,0
36-45,32038.59,6,3.12,0,8.0,0.155,0.249,0
18-25,54908.8,8,1.13,0,12.0,,0.745,0
26-35,63103.18,5,1.34,0,4.0,0.269,0.563,0
36-45,48609.0,10,0.75,0,15.0,0.481,0.626,0
18-25,81760.83,3,0.87,1,3.0,0.869,0.412,1
46-55,63363.7,11,1.38,0,5.0,0.469,0.538,0
18-25,30373.42,5,2.09,0,12.0,0.36,0.312,0
26-35,40301.3,5,3.07,0,18.0,0.714,0.67,1
36-45,23635.61,6,0.98,0,4.0,0.519,0.784,0
26-35,44080.28,6,1.27,1,23.0,0.235,0.319,0
18-25,79880.92,4,1.22,0,4.0,0.194,0.814,0
26-35,66592.74,6,1.04,0,13.0,0.163,0.429,0
26-35,96668.69,6,3.12,1,3.0,0.549,0.326,1
46-55,44024.42,4,2.46,0,4.0,0.159,0.283,0
26-35,93898.71,11,3.68,0,10.0,0.268,0.085,0
46-55,46605.87,9,1.96,0,6.0,0.791,0.336,0
46-55,110771.44,9,1.09,1,4.0,0.364,0.323,0
26-35,,10,0.88,0,5.0,0.429,0.25,0
56+,79044.03,9,0.28,0,4.0,0.175,0.222,0
26-35,100414.15,7,0.94,1,13.0,0.46,0.39,0
56+,49484.64,8,0.7,0,5.0,0.61,0.691,0
18-25,50189.56,5,2.74,0,2.0,0.463,0.087,0
36-45,95818.3,13,3.02,0,8.0,0.253,0.721,0
36-45,45745.03,7,0.76,0,6.0,0.607,0.47,0
26-35,23461.97,9,1.62,1,15.0,0.738,0.316,1
36-45,149397.18,9,0.91,0,10.0,0.376,0.132,0
36-45,38396.53,10,3.53,0,6.0,0.547,0.3,0
18-25,48657.11,4,1.04,0,8.0,0.192,0.796,0
26-35,85060.96,11,1.97,0,4.0,0.355,0.462,0
36-45,35724.18,5,4.21,0,12.0,0.16,0.729,0
36-45,29024.88,7,2.62,0,9.0,0.568,0.223,0
56+,62438.88,5,1.82,0,7.0,0.45,0.439,0
46-55,20284.26,5,1.65,0,9.0,0.492,0.24,0
56+,47112.27,10,0.66,1,6.0,0.701,0.432,1
36-45,55682.44,9,1.35,0,,0.372,0.203,0
26-35,40523.0,5,1.85,0,6.0,0.365,0.4,0
18-25,20078.51,3,2.64,0,7.0,0.04,0.451,0
46-55,118062.87,5,1.29,0,3.0,0.491,0.344,1
36-45,51732.41,6,2.27,1,9.0,0.735,0.407,1
18-25,94296.48,12,1.27,1,19.0,0.431,0.145,0
26-35,40732.48,6,3.1,0,12.0,0.204,0.175,0
56+,34627.17,12,2.47,1,10.0,0.724,0.421,1
36-45,56385.88,9,2.71,0,2.0,0.201,0.135,0
26-35,41680.58,11,4.43,0,14.0,0.324,0.26,0
26-35,25274.82,7,3.47,1,11.0,0.459,0.306,0
26-35,100136.33,5,0.81,1,1.0,0.429,0.125,0
26-35,33739.33,8,1.84,0,14.0,0.494,0.277,0
26-35,17909.05,3,3.57,0,4.0,0.11,0.7,0
18-25,,4,2.64,0,7.0,0.555,0.309,0
46-55,39646.78,3,0.61,0,11.0,0.462,0.204,0
26-35,33993.74,2,0.94,0,4.0,0.591,0.446,0
46-55,20578.42,9,2.09,0,9.0,0.475,0.544,0
46-55,127425.81,12,2.21,0,9.0,0.335,0.046,0
26-35,23848.34,4,0.63,0,3.0,0.352,0.434,0
36-45,50533.6,11,1.27,1,3.0,1.0,0.587,1
36-45,78791.67,4,2.76,0,,0.328,0.58,0
46-55,64170.11,6,1.33,0,11.0,0.381,0.245,0
26-35,45205.76,6,3.07,0,12.0,0.231,0.211,0
36-45,20234.29,8,1.49,1,14.0,0.687,0.293,0
36-45,32174.94,12,2.43,0,5.0,0.3,0.464,1
26-35,51413.51,6,1.07,0,5.0,0.488,0.309,0
18-25,29752.53,2,2.92,1,6.0,0.444,0.405,0
36-45,54488.61,6,3.46,0,6.0,0.57,0.543,0
36-45,69878.03,9,0.98,0,14.0,0.869,0.219,0
26-35,76918.48,6,2.64,0,10.0,0.029,0.448,0
36-45,25910.06,4,2.75,1,8.0,0.828,0.703,1
26-35,146130.59,11,1.67,0,6.0,0.617,0.313,0
36-45,73063.87,9,3.52,1,9.0,0.421,0.681,1
26-35,46588.48,9,0.41,0,4.0,0.392,0.551,0
46-55,90813.12,12,0.81,0,0.0,0.346,0.523,0
26-35,159533.95,9,4.11,0,4.0,0.756,0.509,1
26-35,22067.6,5,3.18,1,10.0,0.676,0.756,1
18-25,39849.43,9,1.1,0,7.0,0.56,0.052,0
18-25,15000.0,4,3.53,0,6.0,0.555,0.743,1
36-45,54186.05,7,3.89,0,15.0,0.646,0.292,0
26-35,56387.63,6,3.08,0,12.0,0.22,0.374,0
46-55,50495.31,7,2.17,0,11.0,0.255,0.785,0
18-25,31877.08,5,1.71,0,20.0,0.33,0.574,0
26-35,16062.66,5,3.0,0,10.0,0.418,0.226,0
26-35,56626.79,5,1.58,0,5.0,0.524,0.4,0
18-25,95494.69,7,2.0,0,16.0,0.598,0.675,1
18-25,32947.49,7,0.99,0,6.0,0.516,0.603,0
26-35,58620.0,6,0.83,0,7.0,0.565,0.782,0
36-45,21689.1,4,1.94,0,4.0,0.389,0.518,0
26-35,59145.2,9,1.75,0,18.0,0.327,0.76,0
36-45,39952.29,4,4.25,0,5.0,0.41,0.566,0
36-45,32976.24,5,3.86,0,11.0,0.453,0.261,0
18-25,30170.23,1,0.76,1,3.0,0.553,0.253,0
26-35,37999.26,5,2.69,0,6.0,0.352,0.166,0
56+,66760.4,9,2.99,0,31.0,0.236,0.11,0
36-45,24777.1,12,1.65,1,10.0,0.93,0.601,1
36-45,39874.81,6,2.46,0,7.0,0.486,0.249,0
26-35,45635.2,5,6.77,1,16.0,0.402,0.647,1
46-55,29100.18,15,1.68,0,11.0,0.402,0.452,0
46-55,131172.16,13,0.44,0,3.0,0.146,0.445,0
36-45,31450.88,4,4.15,0,14.0,0.53,0.152,0
56+,38634.19,7,2.21,0,18.0,0.46,0.231,0
18-25,26937.64,5,2.38,0,12.0,0.235,0.178,0
18-25,114143.26,11,4.45,0,16.0,0.247,0.25,1
46-55,68700.43,8,0.74,0,8.0,0.458,0.327,1
46-55,31665.16,9,3.68,0,11.0,0.093,0.3,0
18-25,79637.5,4,1.53,0,3.0,0.109,0.439,0
26-35,51759.5,10,0.2,1,19.0,0.67,0.391,1
18-25,51214.18,9,3.73,0,6.0,0.066,0.247,0
26-35,38982.65,11,1.92,0,3.0,0.402,0.337,0
46-55,34902.15,7,3.23,1,16.0,0.848,0.643,1
36-45,58433.13,9,3.86,0,8.0,0.453,0.57,0
26-35,35121.0,3,2.82,1,4.0,0.876,0.318,0
26-35,119935.93,7,0.99,0,3.0,0.421,0.577,0
18-25,23155.06,5,1.65,0,2.0,0.226,0.115,0
26-35,103652.74,9,1.74,0,3.0,0.409,0.1,0
36-45,46263.76,2,1.24,0,9.0,0.469,0.518,0
56+,63928.76,6,1.29,1,3.0,0.383,0.267,0
46-55,79478.52,7,2.8,1,13.0,0.449,0.517,0
18-25,32282.17,2,0.78,0,2.0,0.366,0.677,0
46-55,80773.9,5,1.05,0,4.0,0.396,0.343,0
46-55,,4,2.58,0,4.0,0.737,0.487,0
46-55,35440.32,9,3.22,1,12.0,0.772,0.506,1
26-35,28839.1,6,3.45,0,11.0,0.248,0.319,0
26-35,24298.67,6,3.81,0,5.0,0.55,0.613,0
26-35,41698.63,5,1.31,0,17.0,0.154,0.383,0
18-25,54753.14,5,0.79,0,4.0,0.379,0.099,0
26-35,67196.95,4,1.31,0,5.0,0.392,0.544,0
26-35,52852.27,4,0.72,0,4.0,0.493,0.416,0
36-45,34677.26,7,2.28,0,12.0,0.389,0.294,0
36-45,59390.44,4,2.76,0,5.0,0.56,0.102,0
36-45,52293.56,4,2.66,0,20.0,0.502,0.378,0
18-25,72893.1,8,1.37,0,11.0,0.557,0.2,0
56+,81961.68,9,2.7,0,0.0,0.348,0.369,0
56+,55594.95,10,2.26,0,15.0,0.472,0.581,1
46-55,32319.58,7,3.26,0,9.0,0.193,0.673,0
56+,38966.82,11,3.27,0,13.0,0.107,0.456,1
36-45,36831.53,6,2.56,0,29.0,0.464,0.666,1
56+,46446.74,7,5.19,0,15.0,0.055,0.243,0
18-25,51502.53,3,2.2,0,6.0,0.201,0.552,0
26-35,67635.66,7,0.94,1,2.0,0.68,0.268,0
26-35,45406.85,5,3.65,0,6.0,0.313,0.574,0
26-35,47022.66,4,0.92,0,12.0,0.243,0.282,0
18-25,48267.77,7,1.96,0,1.0,0.404,0.214,0
36-45,37486.24,7,1.88,0,3.0,0.029,0.454,0
46-55,31850.11,6,1.79,0,10.0,0.278,0.439,0
36-45,19676.34,9,0.56,0,22.0,0.68,0.235,0
18-25,31210.89,7,1.62,0,4.0,0.343,0.509,0
46-55,65909.35,8,4.47,0,7.0,0.623,0.193,0
36-45,34012.59,4,1.59,0,8.0,0.381,0.15,0
26-35,41206.05,6,0.32,0,5.0,0.349,0.223,0
36-45,,4,1.81,0,3.0,0.423,0.344,0
26-35,61130.03,10,2.66,1,9.0,0.366,0.668,0
26-35,26599.37,7,1.95,0,9.0,0.652,0.572,1
56+,91901.34,13,1.47,0,12.0,0.31,0.285,0
26-35,83802.83,14,0.96,1,4.0,0.325,0.664,0
26-35,25912.43,9,1.3,0,5.0,0.353,0.542,0
46-55,33577.28,2,2.55,0,1.0,0.343,0.746,0
36-45,91068.49,10,2.95,1,18.0,0.457,0.316,1
18-25,41507.78,3,1.05,0,13.0,0.466,0.284,0
18-25,15000.0,3,3.21,0,7.0,0.463,0.353,0
18-25,21637.12,6,2.04,0,9.0,0.128,0.613,0
36-45,,5,2.21,0,31.0,0.03,0.316,0
26-35,25469.01,8,2.35,1,7.0,0.561,0.393,0
18-25,36135.09,5,1.25,0,18.0,0.428,0.578,0
56+,55650.48,9,4.19,0,2.0,,0.32,0
36-45,104859.06,9,4.65,0,,0.395,0.555,1
26-35,40093.28,7,0.79,0,20.0,0.259,0.524,0
36-45,85624.07,5,0.59,0,8.0,0.252,0.6,0
36-45,103048.53,7,2.12,0,5.0,0.095,0.462,0
18-25,94451.43,8,0.96,0,9.0,0.655,0.676,0
26-35,54072.03,9,2.6,1,4.0,,0.323,1
46-55,18566.04,7,2.15,0,4.0,0.388,0.797,0
26-35,59256.39,7,1.3,0,1.0,0.124,0.316,0
36-45,84555.88,7,0.57,0,7.0,0.165,0.402,0
26-35,,7,1.93,0,4.0,0.358,0.476,0
18-25,,15,0.48,0,9.0,0.417,0.494,0
26-35,72919.65,9,2.93,0,9.0,0.022,0.545,0
26-35,62661.48,11,0.92,0,9.0,0.358,0.506,0
26-35,82036.37,10,1.91,0,6.0,0.175,0.208,0
18-25,53281.92,6,0.8,0,0.0,0.375,0.36,0
46-55,15000.0,5,1.64,1,7.0,0.733,0.335,1
56+,42211.49,6,0.56,0,7.0,0.16,0.776,0
46-55,96040.7,11,4.81,0,8.0,0.139,0.571,0
46-55,33862.13,9,1.93,0,1.0,0.52,0.698,0
26-35,41514.34,7,0.61,1,8.0,0.352,0.417,0
56+,31782.95,8,0.97,0,9.0,0.181,0.369,0
26-35,117905.62,12,1.12,1,8.0,0.549,0.447,0
56+,131186.61,11,2.71,1,0.0,0.404,0.367,0
56+,34557.79,7,2.23,1,11.0,0.755,0.4,1
36-45,52923.09,8,1.05,0,4.0,0.316,0.477,0
56+,38412.69,6,1.2,0,4.0,0.211,0.179,0
36-45,67492.46,5,1.46,1,1.0,0.29,0.23,0
26-35,60781.16,7,0.99,0,3.0,0.423,0.703,0
26-35,71117.37,5,0.97,0,6.0,0.258,0.326,0
36-45,58255.72,7,1.87,0,19.0,0.251,0.47,0
18-25,165000.0,14,2.93,1,12.0,0.426,0.683,1
36-45,28723.75,7,1.39,0,12.0,0.398,0.863,0
56+,22482.36,7,1.2,0,3.0,0.224,0.483,0
26-35,38009.56,7,1.91,1,6.0,0.268,0.351,0
46-55,22802.97,10,0.35,0,11.0,0.211,0.357,0
56+,25182.88,1,2.28,0,0.0,0.387,0.328,0
56+,32510.43,6,3.98,0,12.0,0.203,0.224,0
56+,33875.99,11,1.87,0,5.0,0.802,0.565,1
36-45,29839.81,4,1.25,0,9.0,0.645,0.219,0
56+,71644.66,7,1.33,0,14.0,0.122,0.266,0
46-55,39607.81,4,0.9,1,11.0,0.63,0.359,1
26-35,42474.21,7,1.67,0,10.0,0.414,0.663,0
36-45,78041.89,6,3.48,0,6.0,0.238,0.17,0
36-45,32909.36,6,1.87,0,9.0,0.288,0.62,0
26-35,40637.08,8,1.77,0,30.0,0.454,0.844,0
36-45,59289.96,6,2.04,0,18.0,0.318,0.604,0
36-45,17861.18,2,1.68,0,19.0,0.345,0.225,0
26-35,15000.0,6,1.28,0,5.0,0.535,0.741,0
36-45,58687.44,9,4.32,0,10.0,0.218,0.252,0
46-55,66559.22,8,2.79,0,17.0,0.329,0.235,0
36-45,143400.18,7,1.07,0,8.0,0.427,0.234,0
18-25,48640.38,8,2.26,0,30.0,0.345,0.426,0
18-25,68614.88,7,1.05,1,2.0,0.48,0.319,0
26-35,42123.21,2,1.04,1,0.0,0.467,0.447,1
56+,63867.01,15,0.45,0,4.0,0.712,0.198,0
26-35,110965.38,9,1.25,0,15.0,0.392,0.285,0
36-45,16244.73,3,1.2,0,4.0,0.101,0.262,0
26-35,57819.45,9,1.81,0,7.0,0.344,0.264,0
26-35,141563.7,12,2.49,0,2.0,0.19,0.334,0
46-55,59674.36,8,2.68,0,14.0,0.637,0.544,1
36-45,115647.02,10,2.08,0,8.0,0.431,0.2,0
18-25,32299.59,5,1.8,0,13.0,0.818,0.199,0
26-35,45859.39,4,3.07,0,16.0,0.501,0.776,1
18-25,45589.51,6,1.54,0,3.0,,0.204,0
36-45,15473.01,4,0.36,0,4.0,0.572,0.186,0
36-45,26703.44,3,0.35,0,0.0,0.359,0.223,0
18-25,25326.97,5,1.2,0,6.0,0.134,0.334,0
26-35,71501.55,10,1.59,0,6.0,0.494,0.288,0
26-35,73388.29,4,1.28,0,3.0,0.116,0.637,0
56+,64763.6,11,0.47,1,18.0,0.694,0.521,1
56+,83996.76,8,2.82,0,,0.396,0.241,0
18-25,41136.14,8,1.05,0,3.0,0.298,0.395,0
46-55,96278.9,8,1.21,0,14.0,0.545,0.793,1
26-35,46843.61,11,2.04,0,5.0,0.286,0.405,0
26-35,48054.42,10,2.08,0,5.0,0.368,0.202,0
46-55,44886.48,10,0.85,0,6.0,0.171,0.446,0
56+,78113.19,7,0.73,1,5.0,0.485,0.389,0
56+,43957.42,6,0.45,0,19.0,0.091,0.345,0
36-45,81449.98,6,2.62,0,4.0,0.618,0.071,0
26-35,25881.47,4,2.04,1,4.0,0.675,0.307,0
46-55,29102.04,6,1.41,0,7.0,0.347,0.475,0
26-35,66666.77,3,0.44,0,10.0,0.356,0.507,0
36-45,46814.91,5,1.64,0,5.0,0.16,0.243,0
26-35,36826.63,9,4.87,0,13.0,0.127,0.768,0
36-45,77872.65,7,1.45,0,4.0,0.521,0.209,0
26-35,,6,1.55,0,19.0,0.384,0.511,0
26-35,42019.76,9,1.47,0,9.0,0.085,0.599,0
56+,113277.81,17,0.88,0,24.0,0.371,0.395,0
18-25,99743.19,6,0.19,1,8.0,0.615,0.772,1
36-45,111040.14,9,2.59,1,9.0,0.509,0.629,1
26-35,40267.28,9,1.14,0,16.0,0.107,0.635,0
18-25,84962.52,7,0.59,0,12.0,0.591,0.735,0
18-25,27351.99,6,1.55,0,17.0,0.127,0.357,0
26-35,29097.59,68,3.12,0,16.0,0.289,0.455,0
46-55,15180.44,5,1.03,0,2.0,0.618,0.438,0
26-35,111289.64,6,0.48,0,7.0,0.773,0.599,0
56+,34917.05,11,4.72,0,3.0,0.215,0.826,0
36-45,45899.2,8,1.63,0,3.0,0.266,0.46,0
26-35,29045.86,3,2.6,0,6.0,0.347,0.794,0
36-45,70367.44,4,3.11,0,5.0,0.24,0.195,0
36-45,40322.73,2,0.55,0,7.0,0.409,0.451,0
46-55,26147.14,7,0.96,0,3.0,0.229,0.117,0
26-35,58668.87,9,1.74,0,6.0,0.177,0.213,0
26-35,22124.93,5,1.3,0,31.0,0.335,0.206,0
46-55,33341.2,11,1.03,0,8.0,0.439,0.205,0
56+,18295.63,7,2.24,0,4.0,0.359,0.506,0
46-55,24576.4,4,2.16,0,7.0,0.168,0.543,0
26-35,51166.24,6,2.1,0,20.0,0.168,0.486,0
46-55,18554.01,10,1.87,1,17.0,0.997,0.304,1
36-45,22692.83,3,2.17,1,2.0,0.641,0.625,1
36-45,48960.45,10,2.98,0,7.0,0.228,0.498,0
26-35,35148.05,5,1.18,1,15.0,1.0,0.184,1
36-45,138117.36,10,3.93,1,10.0,0.27,0.173,0
26-35,121009.73,5,1.2,0,3.0,,0.604,0
26-35,29693.41,3,0.35,1,16.0,0.612,0.66,0
46-55,68851.79,6,1.77,1,6.0,0.538,0.85,1
26-35,68845.97,4,1.53,0,9.0,0.426,0.331,0
18-25,32836.99,6,0.73,0,13.0,0.424,0.222,0
18-25,20585.01,7,4.75,0,9.0,0.322,0.448,0
56+,54372.01,7,1.95,0,3.0,0.563,0.156,1
36-45,44807.03,6,1.86,1,17.0,0.557,0.093,1
26-35,37175.4,3,2.48,0,4.0,0.376,0.627,0
46-55,64861.19,7,3.8,1,9.0,0.502,0.552,1
46-55,34878.32,7,1.64,0,15.0,0.752,0.38,1
26-35,25615.71,3,1.15,0,2.0,0.221,0.262,0
36-45,51881.79,6,1.36,1,2.0,0.411,0.22,1
46-55,62988.31,12,3.91,1,9.0,0.554,0.325,1
36-45,26586.12,7,3.33,0,11.0,0.39,0.451,0
26-35,75554.32,6,4.89,1,14.0,0.716,0.188,1
46-55,20523.99,4,0.96,1,24.0,0.336,0.354,0
36-45,36293.03,4,1.62,1,12.0,0.548,0.562,1
26-35,40775.45,5,1.51,0,5.0,0.344,0.655,0
26-35,33495.41,8,6.96,1,7.0,0.612,0.173,1
18-25,33395.24,6,3.26,1,6.0,0.944,0.15,1
18-25,118534.43,6,1.64,1,,0.516,0.35,0
46-55,33108.33,6,3.68,0,25.0,0.387,0.769,0
18-25,159441.97,10,1.54,0,10.0,0.514,0.362,0
26-35,58530.66,3,0.7,1,11.0,0.597,0.384,0
36-45,51424.43,7,2.05,0,13.0,0.453,0.333,0
18-25,57391.13,8,1.15,0,1.0,0.158,0.587,0
56+,165000.0,13,0.9,1,8.0,0.634,0.587,1
26-35,27815.03,7,0.87,0,8.0,0.669,0.588,0
26-35,26039.83,6,3.45,0,4.0,0.183,0.301,0
26-35,31491.39,11,6.8,0,6.0,0.534,0.426,0
26-35,47415.97,9,1.17,0,12.0,0.268,0.445,0
18-25,18262.39,4,3.0,0,6.0,0.31,0.368,0
36-45,49593.57,8,2.06,0,8.0,0.384,0.501,1
56+,132011.53,14,0.63,0,8.0,0.087,0.263,0
26-35,50449.69,7,5.42,0,15.0,0.323,0.604,1
36-45,42100.02,5,4.26,1,11.0,0.701,0.152,1
36-45,35545.06,5,1.81,0,5.0,0.526,0.321,0
46-55,82225.94,10,1.94,0,6.0,0.374,0.165,0
26-35,30350.46,13,2.97,0,7.0,0.344,0.487,1
26-35,121798.81,8,9.54,0,6.0,0.083,0.597,0
26-35,127433.13,12,2.46,0,12.0,0.348,0.722,0
36-45,56022.6,6,3.14,0,13.0,0.619,0.233,1
46-55,51226.49,5,0.58,0,1.0,0.713,0.066,0
26-35,79693.48,8,4.09,0,1.0,0.194,0.558,0
26-35,82396.25,14,1.74,1,11.0,0.202,0.403,0
56+,35985.97,84,3.67,0,5.0,0.116,0.501,0
46-55,39190.57,8,3.26,1,14.0,0.642,0.348,1
56+,27512.05,8,1.04,0,24.0,0.279,0.557,1
46-55,63749.32,12,1.74,1,21.0,0.636,0.285,1
26-35,65949.63,10,1.45,0,6.0,0.402,0.353,0
36-45,24295.31,6,1.14,0,9.0,0.075,0.078,0
36-45,38688.46,8,0.91,1,9.0,0.472,0.404,1
18-25,22235.11,4,2.6,0,2.0,0.251,0.589,0
36-45,30718.61,3,0.99,0,7.0,0.884,0.099,0
36-45,65285.74,4,0.85,0,11.0,0.182,0.679,0
26-35,31843.52,8,1.81,0,8.0,0.372,0.553,0
46-55,44071.58,9,1.18,0,6.0,0.116,0.559,0
36-45,21031.95,5,1.58,1,3.0,0.493,0.118,0
56+,60308.9,7,1.79,0,2.0,0.466,0.515,0
18-25,43781.99,5,3.84,0,5.0,0.473,0.756,1
26-35,31918.5,7,1.41,0,4.0,0.487,0.066,0
36-45,44431.88,6,3.99,0,8.0,0.143,0.409,0
26-35,51213.24,9,2.78,0,9.0,0.751,0.858,1
36-45,32089.0,6,3.32,0,21.0,0.142,0.294,0
46-55,23916.97,6,0.17,0,19.0,0.519,0.73,0
18-25,114565.12,11,1.89,0,6.0,0.137,0.86,0
36-45,35266.83,5,1.5,0,3.0,0.108,0.085,0
36-45,46615.33,5,1.29,0,6.0,0.439,0.248,0
26-35,78876.35,8,2.31,0,4.0,0.281,0.335,0
56+,165000.0,11,2.05,1,9.0,0.338,0.56,1
46-55,26980.43,4,4.79,0,8.0,0.512,0.085,0
36-45,61939.3,5,3.32,0,7.0,0.342,0.473,0
36-45,33930.61,5,1.42,1,10.0,0.553,0.411,0
26-35,35236.19,5,1.17,0,10.0,,0.809,0
56+,37627.47,9,0.8,0,2.0,,0.628,0
36-45,27300.48,10,3.16,1,12.0,0.448,0.421,1
36-45,47979.47,7,2.9,0,14.0,0.316,0.178,1
46-55,23938.87,5,4.08,1,1.0,0.78,0.423,1
26-35,76293.26,4,1.79,0,11.0,0.069,0.382,0
46-55,53029.39,11,3.42,1,6.0,0.693,0.385,1
26-35,58085.2,6,2.84,0,8.0,0.377,0.414,0
26-35,36591.89,7,1.71,1,20.0,0.277,0.532,0
26-35,38524.66,4,2.01,1,9.0,0.41,0.031,0
56+,63546.88,8,0.68,0,1.0,0.099,0.142,0
46-55,28132.86,8,5.51,0,4.0,0.276,0.447,0
36-45,40694.37,2,1.88,0,,0.226,0.836,0
36-45,31350.99,2,0.16,0,8.0,0.193,0.156,0
36-45,30850.38,5,1.3,0,4.0,0.126,0.47,0
56+,18267.6,4,0.66,0,9.0,0.347,0.566,0
36-45,98365.93,9,4.67,1,11.0,0.312,0.303,1
26-35,32630.41,2,1.44,0,6.0,0.284,0.468,1
26-35,85387.55,6,0.81,0,3.0,0.34,0.092,0
46-55,89838.78,9,1.93,0,5.0,0.501,0.588,0
36-45,25116.5,7,2.39,0,8.0,0.332,0.547,1
26-35,26476.85,3,3.4,0,15.0,,0.364,0
18-25,165000.0,16,0.53,0,6.0,0.248,0.187,0
46-55,128089.11,11,1.18,1,0.0,0.918,0.356,1
18-25,44073.34,5,1.88,0,9.0,0.676,0.253,0
36-45,56040.73,10,2.26,0,4.0,0.174,0.162,0
56+,39417.29,6,2.43,0,9.0,0.166,0.629,0
26-35,58385.53,4,1.29,0,16.0,0.406,0.329,0
26-35,32114.58,9,1.02,0,3.0,0.277,0.224,0
36-45,17037.57,4,0.55,1,6.0,0.768,0.409,1
46-55,25920.54,6,2.13,0,16.0,0.402,0.275,0
36-45,49561.43,6,0.71,0,8.0,0.197,0.163,0
56+,30389.28,8,1.5,0,3.0,0.253,0.373,0
18-25,43261.39,11,0.93,0,13.0,0.663,0.301,0
36-45,28034.08,6,1.54,0,5.0,0.279,0.466,0
36-45,32636.15,8,1.7,0,7.0,0.108,0.317,0
46-55,80309.72,6,2.39,0,20.0,0.231,0.251,0
26-35,53034.07,9,0.59,1,8.0,0.255,0.688,0
46-55,51275.82,2,2.59,1,3.0,0.375,0.415,0
36-45,77424.71,6,2.68,0,9.0,0.398,0.93,0
26-35,59869.14,14,0.98,1,9.0,0.677,0.32,1
18-25,95055.19,10,0.83,0,2.0,0.044,0.536,0
46-55,40573.61,5,1.18,1,14.0,0.286,0.53,0
26-35,37294.08,9,4.0,0,15.0,0.425,0.688,1
26-35,23704.57,5,0.52,0,10.0,0.285,0.545,0
26-35,37306.77,10,2.54,1,9.0,0.922,0.86,1
46-55,85108.34,12,2.21,0,2.0,0.095,0.187,0
36-45,,9,4.3,0,14.0,0.121,0.342,0
46-55,84910.98,12,2.91,0,5.0,0.105,0.583,1
26-35,18343.31,4,0.18,0,4.0,0.266,0.894,0
36-45,86097.49,7,3.23,0,20.0,0.218,0.433,0
36-45,,6,1.15,0,17.0,0.185,0.638,0
46-55,82209.08,4,1.35,0,13.0,0.28,0.147,0
56+,45195.47,4,0.71,0,5.0,0.257,0.434,0
18-25,64557.87,5,2.8,0,5.0,0.42,0.562,0
36-45,24517.12,2,0.45,0,16.0,0.372,0.399,0
18-25,82372.52,9,1.62,1,4.0,0.752,0.361,0
36-45,22884.45,6,4.39,0,12.0,0.63,0.847,1
26-35,32938.7,6,2.88,0,10.0,0.483,0.192,0
26-35,27749.99,6,2.26,1,7.0,0.418,0.23,0
26-35,18727.94,7,1.25,0,15.0,0.456,0.387,0
36-45,51490.59,6,3.13,1,12.0,0.352,0.474,0
26-35,119272.53,12,1.18,0,8.0,,0.459,0
36-45,165000.0,12,2.58,1,4.0,0.419,0.502,1
26-35,49046.35,8,3.33,0,5.0,0.258,0.556,0
18-25,80071.42,3,1.02,1,2.0,0.511,0.614,1
46-55,58144.65,5,1.85,0,2.0,0.364,0.97,0
26-35,60440.78,6,1.81,0,3.0,0.301,0.635,0
26-35,39029.88,5,2.64,0,10.0,0.404,0.488,0
36-45,,5,0.9,0,3.0,0.572,0.094,0
26-35,61666.06,5,2.1,0,10.0,0.314,0.739,0
18-25,33163.36,4,1.54,1,35.0,0.785,0.351,1
26-35,44788.33,9,3.46,1,4.0,0.401,0.139,0
56+,53083.23,10,2.32,1,8.0,0.666,0.694,1
36-45,75337.23,12,2.52,1,13.0,0.431,0.285,1
36-45,28160.15,9,2.21,1,7.0,0.29,0.566,0
36-45,47724.4,9,1.14,1,5.0,0.384,0.174,0
26-35,126025.92,11,1.06,1,8.0,0.985,0.685,1
26-35,85417.93,9,2.57,1,18.0,0.389,0.315,0
46-55,103940.42,12,0.46,0,6.0,0.148,0.273,0
18-25,45374.45,5,1.09,0,21.0,0.299,0.18,0
26-35,55100.76,11,1.87,0,11.0,0.55,0.562,0
26-35,78524.25,9,2.35,0,21.0,0.457,0.444,0
26-35,104959.82,10,0.67,0,8.0,0.244,0.119,0
56+,19834.27,14,1.7,1,13.0,0.408,0.566,1
18-25,22606.0,6,1.85,0,6.0,0.205,0.552,0
36-45,96849.25,9,1.64,0,6.0,0.066,0.23,0
26-35,40377.08,16,1.99,1,9.0,0.423,0.315,0
56+,38588.33,7,1.22,0,4.0,0.289,0.13,0
18-25,23337.96,4,3.04,0,17.0,0.67,0.056,1
26-35,34940.13,6,2.25,0,10.0,0.303,0.549,0
36-45,23641.71,5,1.55,0,2.0,0.48,0.825,1
36-45,145418.2,13,0.5,0,9.0,0.441,0.162,0
26-35,46089.17,8,2.06,0,8.0,0.148,0.631,0
26-35,45245.83,7,0.65,0,16.0,0.198,0.341,0
26-35,63310.08,8,0.42,1,6.0,0.753,0.135,0
26-35,76912.18,6,0.88,0,1.0,0.558,0.157,0
26-35,76256.8,8,2.27,0,7.0,0.357,0.791,0
36-45,85672.18,7,2.27,1,13.0,0.295,0.511,1
26-35,33589.22,4,0.13,0,15.0,0.036,0.549,0
26-35,39939.03,8,2.24,0,7.0,0.221,0.436,0
36-45,73122.87,6,0.46,0,6.0,0.477,0.546,0
56+,41595.93,7,3.08,1,2.0,0.608,0.311,1
36-45,48890.8,8,2.68,0,18.0,0.724,0.323,0
18-25,55124.92,6,0.38,0,5.0,0.554,0.441,0
18-25,67392.99,8,2.05,0,6.0,0.27,0.273,0
56+,21711.69,5,1.22,1,13.0,0.394,0.392,0
26-35,67620.59,7,3.05,0,10.0,0.578,0.711,1
18-25,39674.48,8,1.06,1,11.0,0.779,0.613,1
36-45,70818.67,6,3.86,0,11.0,0.138,0.223,0
36-45,73423.88,2,2.78,0,35.0,0.143,0.697,0
36-45,113109.97,14,0.8,0,3.0,0.408,0.799,0
26-35,94258.46,12,4.28,0,18.0,0.322,0.563,1
18-25,90239.03,7,2.04,0,9.0,0.304,0.152,0
56+,115926.14,15,1.73,0,,0.226,0.682,0
26-35,54258.62,7,0.96,0,11.0,0.092,0.195,0
36-45,49848.13,5,1.92,0,21.0,0.313,0.428,0
36-45,77177.63,9,3.09,0,8.0,0.193,0.863,0
36-45,71731.27,7,2.25,0,17.0,0.442,0.764,0
26-35,39707.11,8,2.33,0,11.0,0.547,0.399,0
26-35,57555.68,10,1.82,0,13.0,0.737,0.73,1
36-45,48134.28,4,3.47,0,13.0,0.243,0.889,0
46-55,33055.88,6,2.05,0,5.0,0.671,0.858,1
56+,107048.75,9,1.0,0,9.0,0.426,0.798,1
18-25,46106.24,5,1.15,0,5.0,0.363,0.495,0
26-35,135310.62,6,1.73,0,14.0,0.29,0.149,0
56+,23499.73,10,1.51,1,10.0,1.0,0.591,1
36-45,36697.91,4,3.22,0,4.0,0.403,0.417,0
46-55,52416.26,5,2.37,1,8.0,0.397,0.757,0
26-35,84241.1,6,1.74,0,21.0,0.065,0.538,0
36-45,60338.4,6,1.08,0,13.0,0.189,0.052,0
36-45,57609.68,8,1.43,0,,0.066,0.624,0
36-45,27277.65,6,1.3,0,15.0,0.158,0.625,0
26-35,25549.95,5,2.73,0,3.0,0.672,0.739,1
18-25,52981.73,1,0.21,1,11.0,0.308,0.279,0
36-45,24116.82,5,1.06,0,9.0,0.342,0.514,0
26-35,35363.08,5,0.66,0,6.0,0.332,0.41,0
26-35,60504.74,6,1.05,0,0.0,0.376,0.439,0
56+,32833.07,4,2.31,0,4.0,0.062,0.074,0
26-35,107450.45,5,2.36,1,7.0,0.82,0.056,0
46-55,97386.89,12,2.31,0,35.0,0.182,0.206,0
26-35,20596.19,4,0.63,1,13.0,0.6,0.369,0
36-45,30187.01,9,1.85,0,6.0,0.47,0.381,0
56+,16670.5,8,3.62,0,7.0,0.292,0.311,1
18-25,29823.52,7,1.42,0,17.0,0.081,0.394,0
18-25,66737.48,5,1.57,0,6.0,0.069,0.27,0
26-35,37600.58,5,1.13,0,4.0,0.201,0.535,0
18-25,56932.1,7,1.7,0,2.0,0.305,0.874,0
36-45,22211.96,7,1.81,1,5.0,0.73,0.382,0
56+,82863.27,10,1.73,0,1.0,0.532,0.722,0
26-35,34938.45,9,1.63,0,6.0,0.641,0.453,0
26-35,46926.05,10,0.28,0,6.0,0.466,0.584,0
26-35,44431.56,6,5.12,0,10.0,0.43,0.393,1
36-45,25305.95,10,3.82,0,12.0,0.149,0.686,0
18-25,24597.4,5,2.55,0,8.0,0.235,0.214,0
36-45,81084.99,7,1.55,0,7.0,0.643,0.405,0
36-45,60323.43,6,3.06,0,10.0,0.261,0.273,0
36-45,84628.43,7,2.48,0,4.0,0.634,0.414,0
26-35,55205.74,6,3.46,0,2.0,0.134,0.429,0
36-45,52804.68,5,1.39,0,12.0,0.614,0.527,0
18-25,18260.12,8,1.37,0,1.0,0.352,0.568,0
26-35,40514.26,9,4.7,0,3.0,0.617,0.546,1
46-55,50805.51,5,3.2,0,22.0,0.172,0.097,0
36-45,135349.52,8,2.78,0,15.0,0.289,0.466,0
18-25,64037.07,8,0.81,0,1.0,0.596,0.531,0
26-35,103647.58,6,1.05,0,14.0,0.535,0.486,0
26-35,63622.32,6,0.48,0,1.0,0.179,0.672,0
26-35,32212.9,7,0.66,0,4.0,0.54,0.138,1
26-35,49558.28,7,1.54,1,15.0,0.379,0.352,0
18-25,50657.18,9,1.2,1,2.0,0.705,0.402,1
26-35,28613.65,5,1.69,0,2.0,0.514,0.345,0
36-45,40139.6,9,2.09,0,20.0,0.582,0.333,0
36-45,44046.5,6,0.91,0,18.0,0.383,0.261,0
36-45,112975.05,6,2.19,0,7.0,0.37,0.418,0
18-25,15184.26,2,1.96,0,9.0,0.515,0.155,0
56+,102439.29,10,1.09,1,5.0,0.226,0.868,0
46-55,31661.81,5,3.07,0,5.0,0.327,0.783,0
46-55,25248.42,10,1.6,0,5.0,0.038,0.327,0
46-55,95184.26,9,0.6,0,,0.158,0.799,0
56+,80064.43,8,0.69,0,3.0,0.083,0.848,0
36-45,94122.25,10,2.72,1,3.0,0.548,0.247,1
26-35,70711.61,8,1.88,0,8.0,,0.223,0
36-45,143074.31,12,1.67,0,7.0,0.398,0.334,0
36-45,65547.9,5,1.61,0,8.0,0.531,0.302,0
36-45,45190.03,8,0.88,0,12.0,0.429,0.274,0
36-45,58590.14,6,1.61,0,1.0,0.367,0.659,0
18-25,85528.42,8,0.87,0,4.0,0.374,0.619,1
26-35,31092.59,6,1.7,0,16.0,0.605,0.212,0
56+,38988.34,7,1.92,0,8.0,0.295,0.453,0
36-45,41745.24,8,0.77,0,5.0,0.206,0.453,0
36-45,,6,1.05,0,11.0,0.431,0.242,0
26-35,50101.23,10,2.38,0,8.0,0.133,0.698,0
26-35,17487.0,5,2.92,1,21.0,0.979,0.763,1
46-55,52975.82,8,2.88,0,3.0,0.309,0.194,0
36-45,76876.13,7,1.57,1,3.0,0.666,0.223,0
46-55,40216.16,8,3.39,0,19.0,0.409,0.286,0
26-35,111535.73,10,1.05,0,7.0,0.331,0.736,0
36-45,22937.76,4,0.5,0,3.0,0.431,0.639,0
26-35,86634.69,10,1.25,0,6.0,0.167,0.39,0
36-45,69638.39,6,1.18,0,6.0,0.304,0.407,0
26-35,19104.19,0,1.01,0,5.0,0.273,0.29,0
26-35,165000.0,13,2.77,0,2.0,0.089,0.228,0
36-45,47422.52,5,1.77,0,20.0,0.154,0.718,1
56+,34672.71,5,3.4,1,18.0,0.466,0.639,1
18-25,21553.96,6,1.22,0,,0.396,0.566,1
46-55,45962.94,11,1.57,1,7.0,0.286,0.043,0
26-35,43640.83,8,2.36,0,10.0,0.354,0.441,0
26-35,49186.56,10,2.99,0,16.0,0.377,0.452,0
18-25,38374.41,6,4.49,0,6.0,0.276,0.421,0
26-35,64814.02,5,1.5,0,2.0,0.279,0.463,0
36-45,40071.97,6,0.23,0,13.0,0.498,0.165,0
18-25,16380.04,0,0.19,0,8.0,0.612,0.579,0
36-45,45357.55,2,5.59,0,12.0,0.255,0.583,1
56+,15977.1,9,1.43,0,4.0,0.597,0.271,1
18-25,53850.16,3,4.49,0,1.0,0.174,0.498,0
46-55,30969.68,5,1.85,1,12.0,0.399,0.48,0
26-35,50764.24,4,3.61,0,2.0,0.034,0.311,0
36-45,97082.75,11,3.02,1,0.0,0.459,0.148,1
26-35,28471.27,4,0.75,0,1.0,0.469,0.468,0
26-35,80971.56,6,4.25,0,4.0,0.22,0.138,0
26-35,37221.34,5,0.89,0,11.0,0.233,0.295,0
18-25,111486.78,8,3.09,0,6.0,0.103,0.397,0
26-35,38565.78,5,2.66,0,2.0,0.232,0.553,0
36-45,31664.25,7,3.33,0,5.0,0.268,0.267,0
46-55,73670.96,11,1.84,0,11.0,0.557,0.24,0
46-55,41084.63,5,3.04,0,10.0,0.289,0.669,0
36-45,31648.51,9,0.94,0,5.0,0.462,0.253,0
18-25,34944.74,7,1.65,1,5.0,0.593,0.126,0
26-35,45560.87,7,2.96,0,2.0,0.205,0.286,0
26-35,93707.52,5,3.47,0,11.0,0.358,0.059,0
26-35,17056.29,7,0.94,0,15.0,0.145,0.337,0
36-45,49612.69,4,2.98,0,4.0,0.44,0.249,0
36-45,67842.89,15,2.95,1,13.0,0.78,0.373,1
26-35,51564.73,7,2.64,0,10.0,0.257,0.274,0
26-35,92146.03,10,1.46,0,4.0,0.482,0.484,0
46-55,49579.88,1,0.1,0,23.0,0.175,0.628,0
46-55,46818.48,3,2.82,0,13.0,0.382,0.804,0
26-35,63450.25,5,3.5,1,12.0,0.355,0.483,1
56+,57621.05,12,3.94,0,25.0,0.502,0.218,0
56+,44666.88,10,0.62,0,2.0,0.756,0.561,1
26-35,60985.71,8,0.31,0,15.0,0.178,0.325,0
26-35,33212.62,6,1.29,0,4.0,0.35,0.455,0
36-45,35674.37,8,2.42,0,13.0,0.545,0.437,0
56+,41582.85,9,2.73,1,7.0,0.303,0.738,0
46-55,104150.89,13,1.46,0,10.0,0.378,0.571,0
18-25,15000.0,6,1.54,0,2.0,0.553,0.454,0
26-35,57280.26,15,1.76,0,24.0,0.142,0.357,0
36-45,49902.25,5,0.73,1,11.0,1.0,0.234,1
36-45,20454.28,5,2.37,1,9.0,0.39,0.274,0
26-35,54778.77,6,4.99,0,12.0,0.174,0.688,0
46-55,65998.75,11,2.32,1,20.0,0.728,0.103,0
36-45,66610.16,7,3.15,1,1.0,0.742,0.37,1
46-55,,6,1.25,0,13.0,0.401,0.708,0
46-55,104874.8,12,1.42,0,23.0,0.484,0.192,0
36-45,33402.2,12,1.84,0,22.0,0.251,0.389,0
26-35,66637.0,10,1.35,0,10.0,0.103,0.262,0
36-45,72067.49,8,0.87,0,6.0,0.185,0.229,0
26-35,29558.23,4,2.29,1,12.0,0.25,0.41,1
36-45,69108.93,7,0.94,0,11.0,0.572,0.503,0
26-35,38160.01,6,1.11,1,7.0,0.252,0.241,0
36-45,16695.32,5,2.9,1,5.0,0.653,0.463,0
26-35,85581.62,8,2.78,1,7.0,0.274,0.371,0
18-25,29940.78,6,0.11,0,11.0,0.479,0.27,0
26-35,29901.48,7,1.39,0,7.0,0.42,0.247,0
18-25,36330.24,3,2.17,1,9.0,0.235,0.25,0
36-45,56475.55,5,6.55,0,12.0,0.084,0.475,1
36-45,47582.46,5,0.22,0,3.0,0.57,0.788,0
36-45,65185.66,9,1.21,0,13.0,0.566,0.334,0
26-35,23236.17,5,2.85,0,10.0,0.584,0.233,0
18-25,30453.59,4,1.09,0,3.0,0.333,0.459,0
18-25,42179.16,7,1.14,0,2.0,0.512,0.302,0
26-35,125104.09,7,0.54,1,21.0,0.744,0.661,1
46-55,48572.73,10,1.45,0,3.0,0.113,0.469,0
26-35,81986.97,5,1.03,0,6.0,0.369,0.783,0
26-35,47574.33,7,1.54,0,4.0,0.143,0.135,0
18-25,34839.17,4,1.38,0,1.0,0.353,0.888,0
26-35,41015.42,3,1.75,0,4.0,0.208,0.421,0
36-45,44910.27,5,1.74,0,0.0,0.286,0.36,0
36-45,67097.08,11,2.96,0,6.0,0.251,0.56,1
26-35,95301.22,3,1.78,0,11.0,0.581,0.375,0
18-25,54015.92,7,1.11,1,1.0,0.666,0.324,0
26-35,86446.45,9,3.29,0,12.0,0.496,0.245,0
26-35,28234.77,3,0.97,0,1.0,0.429,0.205,0
26-35,37586.2,4,2.95,0,7.0,0.196,0.158,0
56+,37547.52,12,1.08,0,12.0,0.28,0.232,0
36-45,57728.78,7,6.67,1,6.0,0.566,0.582,1
36-45,40673.89,7,1.12,0,16.0,0.521,0.394,0
26-35,68151.06,7,3.37,0,2.0,0.362,0.222,0
26-35,28735.23,6,0.61,0,8.0,0.321,0.291,0
36-45,,6,7.68,0,8.0,0.169,0.405,0
36-45,70064.12,6,1.39,0,5.0,0.447,0.191,0
36-45,16748.14,4,0.86,0,8.0,0.32,0.797,0
26-35,140540.12,4,2.26,0,11.0,0.425,0.491,0
36-45,42309.25,5,2.38,0,13.0,0.083,0.2,0
26-35,16268.39,4,1.86,0,4.0,0.28,0.455,0
46-55,55949.73,9,1.21,0,18.0,0.751,0.211,0
36-45,49880.76,7,1.29,0,,0.589,0.329,0
36-45,46977.07,3,1.08,0,4.0,0.262,0.72,0
18-25,75013.2,10,2.17,0,9.0,0.538,0.607,1
36-45,72306.65,9,1.23,0,8.0,0.32,0.409,0
18-25,52307.53,7,3.22,0,25.0,0.403,0.39,0
26-35,58928.55,8,2.71,1,6.0,0.495,0.52,0
18-25,42435.21,5,2.54,1,3.0,0.553,0.218,0
36-45,123408.5,14,1.12,1,12.0,0.51,0.593,0
26-35,21607.98,4,0.8,0,7.0,0.414,0.61,1
26-35,50142.23,12,2.61,1,14.0,0.523,0.805,0
46-55,53306.46,3,2.09,0,7.0,0.737,0.275,0
26-35,71175.63,7,2.36,0,13.0,0.086,0.665,0
36-45,31608.96,4,1.38,0,5.0,0.798,0.521,0
26-35,18831.57,5,1.16,1,8.0,,0.684,0
18-25,48608.22,5,2.65,1,2.0,0.484,0.567,0
46-55,59649.43,6,1.05,1,2.0,0.65,0.397,1
18-25,97206.39,6,2.89,0,7.0,0.587,0.305,0
36-45,25321.57,7,2.24,1,10.0,1.0,0.077,1
36-45,89361.1,4,1.13,0,4.0,0.388,0.381,0
36-45,165000.0,9,2.22,1,9.0,0.807,0.488,1
36-45,40278.06,5,2.56,0,17.0,0.394,0.694,1
26-35,23830.23,5,3.24,0,8.0,0.352,0.849,0
18-25,36256.48,9,1.11,0,5.0,0.398,0.705,0
36-45,49379.1,7,1.37,0,8.0,0.232,0.148,0
36-45,65720.73,8,3.59,0,7.0,,0.38,0
46-55,37891.22,5,2.23,0,5.0,0.55,0.457,0
46-55,115693.91,14,1.26,0,0.0,0.198,0.485,0
46-55,28866.68,6,3.03,0,6.0,0.244,0.527,0
36-45,19843.13,3,3.66,0,7.0,0.458,0.447,0
26-35,82908.21,5,1.93,1,5.0,0.376,0.493,0
46-55,15791.03,3,3.05,0,10.0,0.455,0.255,0
26-35,41934.01,10,1.53,1,22.0,0.509,0.192,1
26-35,165000.0,11,2.2,1,3.0,0.669,0.341,1
46-55,51212.42,5,2.23,0,4.0,0.371,0.59,0
46-55,28773.23,4,0.97,0,13.0,0.4,0.4,0
26-35,45258.84,4,1.19,0,6.0,0.499,0.193,0
18-25,43633.64,1,2.25,1,5.0,0.275,0.48,0
26-35,50692.74,6,4.71,1,11.0,0.523,0.463,0
46-55,,10,1.11,0,4.0,0.129,0.323,0
56+,31877.71,5,1.64,0,7.0,0.412,0.211,0
26-35,112142.42,12,2.93,1,3.0,0.329,0.543,0
18-25,50891.92,6,2.34,0,8.0,0.525,0.481,0
46-55,75201.98,9,1.19,0,7.0,0.317,0.125,0
26-35,33636.34,6,4.82,1,6.0,0.305,0.054,1
36-45,,6,2.07,1,20.0,0.29,0.735,0
56+,47874.24,6,1.96,0,6.0,0.171,0.431,0
18-25,51757.64,4,1.98,0,19.0,0.306,0.7,0
36-45,30175.48,8,1.52,1,11.0,0.656,0.333,0
18-25,26678.03,1,4.83,0,,0.658,0.22,0
26-35,66693.77,9,0.49,1,,0.513,0.135,0
46-55,40917.96,11,1.62,1,3.0,0.283,0.202,0
26-35,29911.91,4,0.86,0,1.0,,0.472,0
56+,39165.23,10,1.48,0,8.0,0.207,0.444,0
36-45,,12,3.82,0,15.0,0.403,0.214,0
26-35,,2,5.21,0,5.0,0.565,0.285,0
26-35,43862.69,7,1.04,0,6.0,0.587,0.193,0
26-35,244898.3931900664,5,2.0,0,4.0,0.088,0.255,0
26-35,17205.4,9,2.09,0,3.0,0.165,0.431,0
18-25,20848.02,7,0.15,0,11.0,0.548,0.217,0
26-35,55540.32,7,1.16,0,5.0,0.419,0.476,0
26-35,31784.84,7,2.09,0,2.0,0.531,0.364,0
36-45,84922.72,5,4.54,0,12.0,0.278,0.438,0
36-45,81043.37,5,0.7,1,3.0,0.34,0.489,0
36-45,71251.25,9,2.16,0,33.0,0.213,0.403,0
18-25,115414.04,11,2.58,1,18.0,0.872,0.427,1
26-35,44658.21,6,4.01,0,17.0,0.366,0.253,0
36-45,68694.1,10,1.16,0,12.0,0.609,0.756,0
36-45,36174.56,4,0.76,0,7.0,0.359,0.817,0
18-25,160368.95,11,1.23,1,12.0,0.853,0.5,1
46-55,144565.72,13,1.67,1,5.0,0.711,0.529,1
46-55,51853.51,5,2.36,1,14.0,0.615,0.74,1
36-45,59935.53,7,3.59,0,11.0,0.117,0.293,0
18-25,90838.16,9,2.5,0,11.0,0.331,0.678,0
46-55,,2,1.01,0,3.0,0.247,0.371,0
36-45,34841.19,7,1.75,1,12.0,0.636,0.371,1
46-55,81184.1,7,1.84,0,5.0,0.343,0.293,0
46-55,53679.6,8,2.13,1,4.0,0.645,0.515,1
46-55,56678.89,4,1.68,0,13.0,0.162,0.381,0
36-45,31766.86,12,2.45,1,12.0,0.575,0.421,1
18-25,18339.46,2,1.31,0,8.0,0.348,0.213,0
36-45,55425.44,12,4.01,1,13.0,0.805,0.125,1
36-45,78478.52,8,2.93,0,10.0,0.309,0.36,0
36-45,43589.89,3,2.38,0,25.0,0.412,0.808,1
26-35,98414.49,7,1.46,0,5.0,0.61,0.547,0
26-35,32336.88,9,1.9,1,11.0,0.252,0.636,0
46-55,29778.85,3,1.21,0,13.0,0.387,0.282,0
36-45,47336.66,6,3.16,1,,0.462,0.545,0
56+,52420.44,6,4.0,0,7.0,0.216,0.568,0
46-55,76909.43,8,3.43,0,33.0,0.515,0.616,0
36-45,32761.83,9,0.62,0,12.0,0.822,0.341,0
36-45,99848.47,10,1.96,1,2.0,0.528,0.77,0
46-55,143314.5,11,0.63,0,5.0,0.438,0.271,0
36-45,48033.07,11,3.47,0,5.0,0.666,0.126,0
36-45,93887.21,15,1.75,0,14.0,0.26,0.65,0
26-35,26919.91,6,0.34,0,35.0,0.151,0.559,0
36-45,85743.47,5,1.72,0,7.0,0.692,0.469,0
36-45,84506.5,7,4.18,0,3.0,0.319,0.67,0
26-35,73056.43,12,4.65,0,7.0,0.385,0.053,0
26-35,46254.18,7,1.48,0,6.0,0.575,0.568,1
26-35,15000.0,5,2.36,0,10.0,0.184,0.272,0
26-35,33399.69,9,1.61,1,3.0,0.385,0.746,0
26-35,33675.43,6,3.78,1,5.0,0.597,0.405,0
26-35,28037.76,8,2.1,0,6.0,0.166,0.297,0
56+,58312.19,8,1.25,0,11.0,0.578,0.436,0
36-45,39424.35,15,2.56,0,7.0,0.333,0.329,0
26-35,30369.73,1,2.46,0,8.0,0.203,0.479,0
18-25,25833.41,4,1.76,1,20.0,0.752,0.273,1
36-45,33790.44,1,1.68,1,2.0,0.679,0.717,1
26-35,83548.25,11,3.94,0,7.0,0.441,0.486,0
46-55,36543.81,2,1.99,0,1.0,0.227,0.425,0
36-45,37505.09,8,0.69,1,3.0,,0.661,0
46-55,40640.37,5,0.94,0,6.0,0.503,0.206,0
26-35,55618.8,5,2.07,0,7.0,,0.325,0
36-45,62146.5,7,1.71,0,10.0,0.4,0.415,0
26-35,15000.0,8,1.68,1,11.0,0.371,0.447,0
56+,93083.32,8,0.74,0,5.0,0.269,0.15,0
36-45,103457.0,4,2.68,0,,0.619,0.309,1
26-35,27008.39,5,2.22,0,20.0,0.305,0.353,0
26-35,28124.74,3,1.87,0,10.0,0.391,0.34,0
26-35,36896.36,6,0.6,0,4.0,0.678,0.799,0
36-45,33086.41,13,1.15,0,8.0,0.723,0.164,0
26-35,52388.48,4,0.7,0,16.0,0.417,0.487,1
36-45,17815.19,12,0.9,0,16.0,0.65,0.168,0
26-35,26073.58,6,0.88,0,9.0,0.553,0.18,0
36-45,109139.54,13,0.94,1,13.0,0.914,0.91,1
46-55,31803.31,5,1.03,0,12.0,0.414,0.616,0
46-55,98379.01,12,5.0,1,10.0,0.4,0.719,1
46-55,61992.94,6,1.96,0,3.0,0.104,0.432,0
26-35,18200.07,3,1.54,0,4.0,0.249,0.442,0
18-25,,6,2.46,0,7.0,0.176,0.493,0
36-45,46111.29,4,0.39,0,9.0,0.705,0.432,0
26-35,36796.47,9,1.72,0,10.0,0.223,0.449,0
26-35,52964.53,5,2.58,0,7.0,0.306,0.195,0
18-25,57343.19,14,4.7,1,16.0,0.59,0.292,1
26-35,67369.51,8,1.77,1,13.0,0.477,0.479,0
18-25,82676.57,12,1.32,1,15.0,1.0,0.419,1
46-55,63718.53,8,0.75,0,11.0,0.357,0.08,0
26-35,22803.52,6,1.78,0,4.0,,0.499,0
36-45,38319.12,10,1.23,0,14.0,0.162,0.252,0
18-25,165000.0,9,1.35,0,18.0,0.261,0.498,0
36-45,71448.73,9,1.86,1,9.0,0.541,0.272,0
26-35,159856.11,10,1.14,0,5.0,0.45,0.638,0
46-55,106470.77,10,0.59,0,11.0,0.084,0.518,0
46-55,58438.9,6,2.11,1,10.0,0.565,0.734,1
26-35,54542.29,8,1.05,0,0.0,0.078,0.231,0
56+,53689.8,9,2.82,1,14.0,0.485,0.286,1
56+,22166.59,7,0.85,0,15.0,0.359,0.607,0
46-55,52020.05,12,3.53,1,,0.489,0.405,1
46-55,96717.61,13,1.3,0,11.0,0.389,0.539,1
26-35,34138.71,2,4.26,0,6.0,0.154,0.28,0
36-45,60731.36,4,0.58,0,0.0,0.183,0.107,0
18-25,69760.79,3,3.2,1,4.0,0.367,0.267,0
18-25,27916.3,6,1.1,1,17.0,0.272,0.609,0
56+,43274.66,10,0.49,0,1.0,0.306,0.269,0
26-35,27465.5,8,0.93,0,5.0,0.201,0.187,0
36-45,,5,4.34,1,2.0,0.528,0.218,1
46-55,26382.21,5,1.33,1,13.0,0.223,0.181,0
46-55,32265.92,6,2.22,0,14.0,0.229,0.186,0
56+,114475.6,8,1.34,1,9.0,0.582,0.288,1
26-35,28968.14,7,1.77,0,11.0,0.428,0.329,0
18-25,47846.77,4,1.33,0,2.0,0.762,0.272,0
26-35,35900.56,10,1.01,0,20.0,0.42,0.513,1
18-25,82702.93,6,2.28,0,8.0,0.614,0.3,0
18-25,88592.67,4,0.48,0,2.0,0.439,0.624,0
26-35,73080.47,8,0.75,0,8.0,0.558,0.649,0
46-55,60426.92,3,2.48,0,20.0,0.682,0.382,0
36-45,43470.99,6,1.65,0,11.0,0.175,0.254,0
26-35,25090.01,4,2.99,0,22.0,0.436,0.094,0
36-45,134677.06,16,0.63,0,14.0,0.608,0.325,1
26-35,31412.78,4,4.71,1,20.0,0.753,0.547,1
18-25,63265.54,5,2.5,0,11.0,0.418,0.708,0
46-55,89408.77,13,4.81,0,12.0,0.581,0.416,1
36-45,36726.51,3,3.13,0,6.0,0.248,0.424,0
46-55,88412.31,11,1.44,0,5.0,0.161,0.189,0
18-25,66662.03,7,2.79,0,15.0,0.402,0.503,0
46-55,126568.79,6,4.1,0,10.0,0.422,0.673,0
36-45,38404.88,3,2.23,0,6.0,0.581,0.588,0
36-45,25118.27,4,2.46,1,7.0,0.368,0.557,0
36-45,37689.82,6,0.94,0,1.0,0.495,0.306,0
46-55,57446.18,6,2.52,0,25.0,0.238,0.486,0
36-45,50527.38,6,1.8,0,6.0,0.439,0.411,0
36-45,39951.13,3,1.33,0,6.0,0.495,0.561,0
56+,20276.49,6,3.31,0,13.0,0.358,0.388,0
46-55,65818.17,12,0.65,0,13.0,0.29,0.61,0
26-35,130042.83,10,2.28,0,5.0,0.022,0.229,0
36-45,62405.62,4,2.81,0,3.0,0.155,0.762,0
26-35,64007.18,7,1.59,0,14.0,0.498,0.423,0
26-35,62797.56,13,4.56,0,13.0,0.434,0.291,1
36-45,60262.44,7,1.75,0,2.0,0.363,0.196,0
56+,88828.81,6,0.93,0,10.0,0.303,0.413,0
56+,67211.14,10,0.91,0,4.0,0.124,0.429,0
26-35,39632.62,8,1.81,0,12.0,0.305,0.442,0
36-45,32405.58,4,0.82,0,4.0,0.364,0.835,0
26-35,40967.47,6,5.23,0,12.0,0.324,0.412,0
56+,64430.82,11,1.38,1,12.0,0.761,0.747,1
56+,46427.02,6,3.95,0,7.0,0.415,0.45,0
36-45,57725.61,9,3.54,0,7.0,0.499,0.37,0
46-55,64754.47,2,2.17,0,14.0,0.555,0.278,0
36-45,75603.16,7,1.56,0,8.0,0.242,0.565,0
36-45,95516.41,7,1.8,0,22.0,0.358,0.477,0
18-25,46656.33,4,3.1,0,5.0,0.456,0.562,0
26-35,23622.53,12,2.13,0,11.0,0.671,0.474,0
36-45,40967.97,10,3.34,0,5.0,0.206,0.153,0
36-45,50156.96,3,1.02,0,10.0,0.561,0.453,0
26-35,17950.98,3,2.22,1,5.0,,0.226,1
56+,112657.28,10,1.29,0,9.0,0.397,0.338,0
26-35,50213.37,8,1.19,0,15.0,0.469,0.807,1
36-45,59772.65,5,1.34,0,6.0,0.196,0.196,0
36-45,99715.24,8,2.63,1,9.0,0.365,0.419,0
36-45,35324.28,7,2.39,1,18.0,0.575,0.275,1
36-45,66072.1,7,0.31,0,15.0,0.688,0.717,1
26-35,44040.75,3,4.39,0,18.0,0.5,0.236,1
26-35,42373.35,8,2.2,0,7.0,0.571,0.579,0
36-45,32809.06,4,1.11,0,22.0,0.231,0.603,0
36-45,116554.43,8,2.88,0,8.0,0.136,0.347,0
26-35,,5,3.48,0,11.0,0.54,0.126,0
36-45,70524.92,8,1.96,1,7.0,0.889,0.473,1
26-35,17588.42,6,1.71,1,9.0,,0.282,0
36-45,90544.26,9,1.36,0,2.0,0.779,0.436,1
46-55,89067.5,12,2.73,0,1.0,0.554,0.198,0
26-35,49053.45,5,2.51,0,2.0,0.484,0.329,0
18-25,39814.64,4,3.15,0,6.0,0.399,0.686,0
46-55,,5,2.78,0,12.0,0.491,0.876,0
36-45,161162.93,8,2.35,0,6.0,0.568,0.117,0
36-45,19596.71,13,2.13,0,9.0,0.254,0.108,0
46-55,77393.2,11,2.26,1,3.0,0.399,0.38,1
46-55,32079.07,6,3.03,0,2.0,0.275,0.527,0
56+,54157.0,5,2.9,0,3.0,0.496,0.449,0
36-45,43092.42,7,1.7,0,3.0,0.249,0.58,0
36-45,39233.04,10,1.52,0,7.0,0.313,0.232,0
26-35,46376.96,8,4.79,0,17.0,0.271,0.471,1
26-35,,3,0.63,1,29.0,0.644,0.265,0
36-45,83715.03,4,1.18,0,0.0,0.041,0.336,0
26-35,18343.77,7,2.11,1,14.0,0.828,0.158,0
56+,72451.85,15,3.88,0,24.0,0.212,0.407,0
36-45,41365.45,6,3.41,0,8.0,0.677,0.413,0
36-45,26665.32,6,1.94,0,7.0,0.561,0.339,0
26-35,51804.87,2,0.64,1,17.0,0.927,0.384,1
18-25,19938.05,4,1.26,0,5.0,0.176,0.263,0
18-25,45736.47,6,2.22,0,15.0,0.511,0.548,1
26-35,22250.15,4,2.7,1,2.0,0.686,0.467,1
18-25,56946.16,7,3.62,0,11.0,0.674,0.259,0
36-45,,0,1.78,1,10.0,0.61,0.621,1
46-55,40761.09,3,0.78,0,10.0,0.668,0.664,0
46-55,60045.25,3,0.63,0,5.0,0.593,0.417,0
36-45,32803.09,5,1.55,0,17.0,0.437,0.649,1
26-35,45245.51,9,2.9,0,16.0,0.436,0.583,0
46-55,23454.28,3,1.79,1,13.0,0.377,0.298,1
46-55,71543.1,9,0.57,0,2.0,0.206,0.125,0
26-35,116745.91,14,1.54,0,11.0,0.095,0.176,0
36-45,165000.0,13,3.64,0,14.0,0.321,0.125,0
26-35,48893.88,6,0.37,0,18.0,0.408,0.061,0
46-55,77642.18,11,1.58,0,3.0,0.242,0.219,0
56+,,11,3.5,0,3.0,0.332,0.498,0
18-25,97872.59,10,1.08,0,17.0,0.489,0.398,0
46-55,77160.18,17,2.03,1,7.0,0.731,0.316,1
36-45,38114.67,9,2.82,0,8.0,0.302,0.387,0
56+,104123.61,9,5.53,1,3.0,0.701,0.356,1
26-35,40850.42,3,2.95,1,4.0,0.674,0.448,1
46-55,40612.33,6,0.81,0,7.0,0.366,0.201,0
18-25,57364.11,7,3.95,0,6.0,0.175,0.357,0
26-35,26824.09,5,2.06,1,5.0,0.324,0.391,0
18-25,76209.76,5,0.73,0,12.0,0.384,0.387,0
56+,31599.14,7,0.37,0,2.0,0.444,0.89,0
46-55,29850.94,2,0.62,1,7.0,0.569,0.332,0
46-55,32111.24,8,1.24,0,16.0,0.243,0.838,0
56+,81221.89,6,1.71,0,21.0,0.619,0.216,0
18-25,32509.15,4,2.11,0,3.0,0.161,0.24,0
26-35,23133.62,7,2.82,0,4.0,0.461,0.478,0
18-25,32697.25,4,0.64,0,17.0,0.194,0.661,0
26-35,45859.51,3,1.09,1,4.0,0.62,0.598,0
26-35,25232.66,5,1.86,0,6.0,0.145,0.956,0
26-35,25619.93,8,1.77,0,8.0,0.318,0.26,0
26-35,139786.86,5,2.15,0,6.0,0.417,0.159,0
18-25,28638.46,5,1.5,0,14.0,0.33,0.515,0
26-35,39419.58,4,3.18,0,2.0,0.108,0.599,0
18-25,37013.45,3,2.45,0,14.0,0.628,0.788,1
56+,43953.8,4,2.42,0,6.0,0.245,0.086,0
46-55,71189.48,7,0.68,0,8.0,0.484,0.29,0
56+,89593.17,13,3.56,0,16.0,0.085,0.116,0
26-35,39771.41,11,3.83,0,14.0,0.305,0.399,0
26-35,24514.78,8,0.67,1,10.0,0.408,0.216,0
46-55,99978.35,10,5.21,0,6.0,0.621,0.181,0
26-35,44374.61,5,1.98,0,7.0,0.047,0.406,0
26-35,114664.68,8,1.21,1,5.0,0.387,0.222,0
26-35,15000.0,5,1.17,0,9.0,,0.367,0
18-25,49593.23,7,0.56,0,3.0,0.561,0.521,0
26-35,126459.24,11,4.12,0,2.0,0.39,0.424,0
26-35,38804.93,1,1.26,0,4.0,0.367,0.51,0
36-45,43596.99,9,1.39,0,5.0,0.431,0.289,0
18-25,52243.26,6,0.64,0,10.0,0.795,0.07,0
26-35,34871.54,10,2.25,0,0.0,0.396,0.214,0
46-55,43814.61,7,1.86,0,26.0,0.184,0.614,0
18-25,37584.09,9,4.11,0,6.0,0.337,0.174,0
26-35,33649.09,6,0.52,0,21.0,0.221,0.111,0
46-55,97636.38,10,2.17,0,9.0,0.711,0.252,1
26-35,59264.19,14,0.8,0,3.0,0.293,0.625,0
18-25,51038.05,7,1.06,0,16.0,0.239,0.241,0
36-45,74641.87,8,1.86,0,7.0,0.209,0.289,0
26-35,40641.09,7,4.73,0,7.0,0.291,0.171,0
36-45,32774.76,8,0.24,0,11.0,0.296,0.198,0
46-55,37670.61,5,0.31,1,15.0,0.841,0.515,1
18-25,44843.2,3,0.72,0,7.0,0.237,0.478,0
36-45,28260.21,6,1.84,0,7.0,0.084,0.22,0
36-45,37792.44,2,0.6,0,5.0,0.087,0.164,0
18-25,34256.08,6,0.35,0,6.0,0.175,0.256,0
36-45,147970.65,16,2.37,1,8.0,0.773,0.57,1
26-35,15000.0,2,1.35,0,21.0,0.576,0.342,0
36-45,44649.47,3,3.46,0,2.0,0.067,0.207,0
18-25,109903.81,5,2.29,1,13.0,0.691,0.394,1
26-35,49680.07,8,2.33,0,35.0,0.454,0.605,1
26-35,68994.16,10,1.06,0,10.0,0.488,0.178,0
46-55,54279.92,9,3.7,1,19.0,0.547,0.596,1
18-25,31665.61,5,0.8,0,2.0,0.43,0.193,0
26-35,15000.0,6,1.42,0,3.0,0.733,0.55,0
26-35,51887.7,5,1.94,0,30.0,0.358,0.475,0
36-45,32750.86,8,3.4,0,12.0,0.453,0.036,0
36-45,32332.42,5,0.61,0,6.0,0.174,0.524,0
36-45,37817.48,6,2.37,1,9.0,0.444,0.378,1
46-55,127685.81,9,0.98,0,10.0,0.427,0.565,0
46-55,165000.0,13,1.56,0,6.0,0.467,0.776,0
26-35,52205.76,7,3.34,0,1.0,0.358,0.066,0
36-45,38496.44,3,1.49,0,,0.193,0.187,0
46-55,27940.77,10,1.45,0,2.0,,0.182,0
56+,69817.56,4,0.81,0,9.0,0.213,0.613,0
46-55,130236.97,17,0.89,0,29.0,0.385,0.158,0
26-35,41002.28,10,2.46,1,15.0,0.42,0.418,1
26-35,15000.0,3,1.94,0,2.0,0.731,0.735,0
36-45,69454.41,8,2.27,0,8.0,0.018,0.481,0
36-45,81830.71,10,1.48,0,22.0,0.093,0.517,0
36-45,21490.37,7,1.53,0,8.0,0.245,0.169,0
36-45,53732.42,12,2.61,0,0.0,0.72,0.354,1
46-55,65162.38,8,1.95,0,5.0,0.27,0.236,0
26-35,44890.62,7,0.28,0,12.0,0.359,0.459,0
46-55,,7,4.27,1,4.0,0.867,0.133,1
26-35,79085.7,4,1.14,0,10.0,0.393,0.566,1
26-35,282510.18615602393,5,3.2,0,9.0,0.3,0.573,0
26-35,21540.78,3,3.26,1,9.0,0.378,0.356,1
46-55,17752.35,8,2.58,0,17.0,0.205,0.438,0
18-25,86304.91,8,2.85,0,5.0,0.579,0.379,0
26-35,64258.24,9,5.4,1,1.0,0.694,0.19,1
56+,57282.26,7,0.32,0,8.0,0.045,0.159,0
26-35,37088.31,3,2.41,0,3.0,0.83,0.325,1
36-45,37231.89,8,3.22,0,4.0,0.319,0.745,1
36-45,28018.41,4,0.53,0,8.0,0.12,0.308,0
36-45,39169.08,10,2.82,1,3.0,0.531,0.734,1
36-45,16277.75,5,0.78,0,2.0,0.384,0.571,0
26-35,31800.81,4,1.32,0,17.0,0.387,0.302,0
36-45,41702.34,4,1.55,1,5.0,0.812,0.445,0
26-35,64031.96,11,1.16,0,20.0,0.169,0.652,0
36-45,48013.54,2,1.68,1,9.0,0.725,0.234,0
18-25,67735.12,4,2.06,0,16.0,0.092,0.628,0
36-45,98868.92,10,0.63,1,7.0,,0.259,0
26-35,80841.72,8,3.54,0,22.0,0.494,0.34,0
26-35,59555.57,7,2.15,0,13.0,0.763,0.592,0
26-35,46918.56,5,3.2,0,8.0,0.127,0.285,0
26-35,28000.85,5,1.95,0,8.0,0.364,0.554,0
46-55,75717.98,9,5.09,0,2.0,0.051,0.371,0
26-35,111688.46,8,3.33,0,3.0,0.089,0.581,0
56+,65375.0,9,1.58,0,5.0,0.116,0.546,0
56+,148297.36,9,1.02,1,9.0,0.759,0.314,0
36-45,22174.6,9,1.05,1,7.0,0.534,0.22,0
18-25,24583.61,3,1.1,0,4.0,0.245,0.322,0
26-35,72744.22,9,3.02,0,7.0,0.16,0.319,0
46-55,59126.29,10,1.95,0,4.0,0.455,0.44,0
26-35,92333.91,8,4.83,0,6.0,0.355,0.078,0
18-25,44442.64,6,1.68,0,15.0,0.483,0.065,0
36-45,31214.96,5,1.61,0,,0.532,0.564,0
46-55,46116.75,4,1.22,0,2.0,0.211,0.668,0
46-55,,11,1.26,1,7.0,0.793,0.292,0
26-35,25929.4,7,0.48,1,3.0,0.273,0.287,0
36-45,81281.27,4,3.65,0,7.0,0.467,0.361,0
26-35,73412.5,12,0.77,1,5.0,0.693,0.231,0
26-35,56317.59,7,1.05,0,30.0,0.262,0.662,0
46-55,21058.08,11,1.64,1,15.0,0.738,0.35,1
26-35,38701.36,8,0.5,0,17.0,0.262,0.203,0
26-35,24661.54,8,1.3,0,19.0,0.341,0.742,0
18-25,82602.67,9,0.81,0,5.0,0.278,0.389,0
46-55,38042.7,4,1.67,0,6.0,0.538,0.085,0
46-55,29302.0,6,6.35,0,8.0,0.13,0.472,0
36-45,49786.24,3,1.45,0,20.0,0.4,0.57,0
46-55,36942.56,5,2.23,0,2.0,0.279,0.398,0
26-35,100865.86,3,3.0,1,6.0,0.753,0.115,0
26-35,31821.53,3,1.12,0,5.0,0.37,0.478,0
26-35,22525.46,11,0.42,1,6.0,0.66,0.567,1
18-25,15000.0,6,0.67,0,7.0,0.463,0.241,0
36-45,48242.28,6,1.95,0,4.0,0.505,0.184,0
56+,40855.48,6,0.54,0,10.0,0.544,0.311,0
18-25,21310.81,5,1.79,1,8.0,0.392,0.55,0
26-35,86543.09,5,2.02,1,20.0,0.582,0.171,0
26-35,65970.8,3,0.77,0,5.0,0.226,0.388,0
26-35,45950.81,10,1.89,0,10.0,0.39,0.49,0
56+,111240.48,12,1.37,1,9.0,0.749,0.672,1
26-35,65809.45,6,2.31,0,15.0,0.109,0.415,0
26-35,30397.48,5,2.65,0,7.0,0.17,0.395,0
46-55,30019.59,11,1.2,0,2.0,0.393,0.45,0
26-35,71349.84,8,5.23,0,8.0,0.286,0.847,0
36-45,60241.14,2,0.51,0,24.0,0.077,0.545,0
26-35,50933.13,5,0.85,0,14.0,0.21,0.551,0
36-45,31565.54,1,1.08,0,16.0,0.179,0.326,0
56+,75066.73,14,2.4,0,20.0,0.12,0.277,0
46-55,34791.92,11,0.63,0,10.0,0.04,0.208,0
26-35,44221.52,5,3.97,1,14.0,0.53,0.555,1
46-55,109361.15,16,1.28,1,29.0,0.596,0.496,1
26-35,33069.48,6,1.39,0,3.0,0.088,0.438,0
18-25,19772.46,7,0.82,0,10.0,0.473,0.209,0
26-35,26975.26,7,2.13,0,9.0,0.444,0.351,0
26-35,78200.82,7,2.74,0,8.0,0.114,0.079,0
36-45,55963.79,8,1.39,0,1.0,0.544,0.945,1
36-45,45843.27,4,3.79,0,7.0,0.334,0.37,1
56+,41993.55,10,1.34,0,3.0,0.38,0.533,0
36-45,63094.39,6,1.51,0,3.0,0.083,0.419,0
36-45,31522.77,9,1.24,0,2.0,0.463,0.585,0
18-25,52519.83,3,2.37,1,8.0,0.357,0.261,0
18-25,30630.38,5,1.81,0,2.0,0.406,0.277,0
36-45,30736.84,5,1.17,0,16.0,0.677,0.507,1
26-35,33473.41,8,1.88,1,20.0,0.558,0.57,1
46-55,42395.1,8,2.45,0,17.0,0.098,0.201,0
26-35,45460.93,5,2.1,0,5.0,0.263,0.128,0
18-25,,8,1.13,0,7.0,0.052,0.544,0
26-35,15000.0,6,2.01,0,4.0,0.085,0.342,0
26-35,30638.78,7,0.93,1,10.0,0.409,0.785,1
18-25,36548.07,5,1.39,0,9.0,,0.552,1
36-45,107219.38,11,1.09,0,1.0,0.603,0.412,0
18-25,25550.15,5,1.68,0,9.0,0.275,0.399,0
36-45,53351.33,2,2.53,0,16.0,0.807,0.385,0
26-35,101459.58,9,4.86,0,9.0,0.354,0.417,1
26-35,23558.84,3,3.72,0,9.0,0.216,0.674,0
26-35,,7,5.21,0,12.0,0.331,0.431,1
46-55,289886.78773307987,6,3.04,0,16.0,0.437,0.685,1
26-35,35867.63,1,4.01,0,7.0,0.358,0.462,1
46-55,33941.11,10,0.1,0,22.0,0.292,0.302,0
18-25,30620.78,3,6.21,0,4.0,0.051,0.048,0
46-55,165000.0,11,1.71,0,10.0,0.111,0.406,0
26-35,72338.88,6,6.25,0,12.0,0.491,0.251,0
36-45,86933.93,5,4.68,1,19.0,0.477,0.226,0
36-45,63312.41,9,1.93,0,6.0,0.381,0.564,0
56+,23735.96,6,0.32,0,13.0,0.483,0.661,1
26-35,57261.18,9,3.08,1,19.0,0.377,0.703,1
18-25,78270.29,10,0.13,1,7.0,0.57,0.47,0
18-25,28745.38,5,2.73,0,11.0,0.376,0.467,1
46-55,85132.99,4,0.48,0,8.0,0.419,0.57,0
36-45,70703.82,9,1.83,0,0.0,0.41,0.323,0
46-55,135004.15,6,2.98,0,3.0,0.29,0.493,0
26-35,37524.63,2,2.57,0,15.0,0.436,0.347,0
26-35,26350.49,10,2.74,0,10.0,0.603,0.515,0
18-25,37121.57,6,2.74,1,2.0,0.385,0.101,0
56+,115438.93,14,3.24,0,14.0,0.127,0.529,0
36-45,18943.74,3,1.16,0,11.0,0.084,0.332,0
56+,18665.73,7,3.65,1,7.0,0.701,0.347,1
26-35,48848.82,5,0.88,0,13.0,0.334,0.45,0
36-45,38942.97,7,3.63,0,0.0,0.199,0.377,0
36-45,49218.19,8,2.58,0,7.0,0.338,0.547,0
26-35,76233.95,11,2.07,0,2.0,0.321,0.203,0
46-55,38663.99,6,1.12,0,19.0,0.254,0.246,0
56+,20661.7,6,0.61,0,29.0,0.5,0.556,0
46-55,149213.05,13,1.18,0,4.0,0.617,0.779,1
36-45,29185.91,4,1.11,0,7.0,0.127,0.291,0
26-35,26884.38,3,3.05,0,3.0,0.55,0.299,0
26-35,82779.39,3,0.66,0,2.0,0.341,0.477,0
56+,44804.58,12,2.23,0,6.0,0.255,0.755,0
18-25,43348.93,2,2.37,0,16.0,0.555,0.791,1
36-45,63010.13,7,0.7,0,11.0,0.085,0.611,0
36-45,86117.09,6,2.99,1,5.0,0.265,0.199,0
36-45,41216.77,7,2.21,0,2.0,0.206,0.532,0
56+,120616.94,10,3.73,1,6.0,0.565,0.382,0
26-35,15357.88,7,3.28,0,3.0,0.498,0.147,0
26-35,69223.06,7,2.17,1,7.0,0.306,0.361,1
18-25,28953.48,6,1.01,0,17.0,0.161,0.597,0
26-35,95185.33,8,1.02,0,20.0,0.375,0.24,0
26-35,50204.66,15,0.8,1,5.0,0.558,0.588,1
26-35,32862.56,8,0.84,0,15.0,0.204,0.618,0
46-55,72742.23,8,2.42,1,9.0,0.502,0.757,1
56+,87069.15,13,2.0,0,13.0,0.474,0.036,0
26-35,,7,0.53,1,2.0,0.271,0.605,0
26-35,,6,2.48,0,0.0,0.32,0.357,0
56+,42544.72,11,3.45,0,12.0,0.252,0.608,0
18-25,44706.86,5,3.48,0,6.0,0.282,0.722,0
18-25,43850.66,7,0.47,1,12.0,0.516,0.21,1
26-35,68862.54,10,3.32,0,10.0,0.482,0.637,1
36-45,,6,2.46,0,,0.17,0.616,0
26-35,55484.01,6,1.33,0,6.0,0.496,0.852,0
56+,47061.46,5,4.48,1,13.0,0.269,0.396,1
26-35,30151.19,7,1.06,0,2.0,0.577,0.796,0
36-45,33319.79,7,0.1,0,9.0,0.428,0.283,0
26-35,41707.67,6,1.37,0,10.0,0.371,0.427,0
36-45,15000.0,8,1.18,0,4.0,0.13,0.834,0
36-45,34041.29,5,2.32,0,9.0,0.657,0.256,0
46-55,32681.89,6,2.61,0,0.0,0.104,0.233,0
46-55,67985.33,4,2.7,1,6.0,0.372,0.45,1
36-45,32245.25,9,1.86,0,7.0,0.573,0.288,0
56+,48929.75,12,2.04,1,15.0,0.687,0.585,1
46-55,114919.12,7,4.34,0,6.0,0.757,0.231,0
46-55,86427.64,11,0.47,0,15.0,0.53,0.305,0
18-25,71623.69,6,2.77,0,6.0,0.468,0.346,0
18-25,34546.67,3,2.04,0,11.0,0.239,0.215,0
26-35,61844.4,6,1.36,0,12.0,0.366,0.573,0
36-45,43406.88,7,1.67,0,19.0,0.397,0.676,1
26-35,42109.62,4,2.07,1,4.0,0.712,0.503,1
26-35,57701.38,13,1.01,0,5.0,0.364,0.47,0
46-55,37781.07,6,2.42,0,4.0,0.44,0.602,0
46-55,112012.04,17,2.69,0,5.0,0.451,0.291,0
56+,50348.91,9,2.74,0,3.0,0.272,0.229,0
26-35,64314.96,10,3.81,0,10.0,0.152,0.656,0
36-45,104496.85,8,0.85,0,16.0,0.257,0.358,0
26-35,79734.68,6,1.12,0,0.0,0.184,0.405,0
26-35,22412.23,9,0.64,1,2.0,0.487,0.16,0
26-35,58767.59,4,2.09,0,8.0,0.27,0.153,0
26-35,72574.88,9,1.5,0,0.0,0.201,0.19,0
26-35,74144.32,17,3.42,0,7.0,0.306,0.487,0
46-55,28885.26,5,4.53,0,7.0,0.19,0.412,1
18-25,31835.64,1,4.15,0,1.0,0.377,0.254,0
36-45,82221.35,8,2.1,0,31.0,0.307,0.315,0
36-45,32987.52,10,5.96,0,5.0,0.506,0.389,0
26-35,39901.06,5,2.4,0,13.0,0.487,0.295,0
36-45,111241.12,9,0.93,0,3.0,0.251,0.148,0
26-35,45485.3,15,1.01,0,14.0,0.281,0.425,0
36-45,33593.15,6,2.27,0,13.0,0.522,0.392,1
26-35,29544.09,3,2.76,0,9.0,0.859,0.385,1
26-35,55437.64,8,0.95,0,8.0,0.547,0.328,0
18-25,22398.81,9,1.59,0,6.0,0.183,0.241,0
36-45,43104.61,11,0.4,0,4.0,0.103,0.681,0
56+,65073.97,7,0.38,1,14.0,0.42,0.418,0
26-35,91634.02,6,0.8,0,,0.062,0.606,0
36-45,69364.12,5,1.56,0,4.0,0.25,0.783,0
36-45,33815.89,7,2.1,0,4.0,0.318,0.033,0
56+,100990.13,10,1.38,0,13.0,0.14,0.362,0
46-55,44101.64,6,1.12,0,0.0,0.245,0.49,0
36-45,25782.07,7,2.41,0,6.0,0.123,0.319,0
36-45,44825.77,4,1.91,0,21.0,0.684,0.223,0
46-55,108863.27,9,1.66,0,10.0,0.504,0.133,0
26-35,50813.88,4,0.73,0,25.0,0.686,0.503,1
26-35,46934.64,5,1.73,0,15.0,0.578,0.629,0
18-25,104961.62,6,1.22,0,5.0,0.234,0.254,0
46-55,24482.05,6,0.46,0,12.0,0.443,0.408,0
46-55,26409.75,2,2.43,0,4.0,0.339,0.314,0
18-25,19336.69,2,3.25,0,11.0,0.717,0.522,1
36-45,59502.71,6,1.16,0,1.0,0.399,0.378,0
26-35,50847.0,3,1.72,0,27.0,0.498,0.205,0
18-25,99929.77,8,0.83,0,1.0,0.492,0.561,0
56+,62106.57,6,0.96,0,1.0,0.162,0.13,0
26-35,,7,1.66,0,10.0,0.401,0.519,0
18-25,44843.47,7,3.08,0,10.0,,0.475,0
36-45,52114.99,7,2.47,1,2.0,0.678,0.443,1
36-45,20551.4,9,1.7,1,13.0,0.521,0.543,0
18-25,165000.0,16,1.26,0,8.0,0.637,0.18,0
36-45,64236.89,6,0.89,0,12.0,0.354,0.552,0
36-45,54677.32,6,0.94,1,10.0,0.518,0.375,0
18-25,61690.5,4,0.77,0,14.0,0.827,0.346,0
26-35,67433.26,10,3.71,0,35.0,0.173,0.588,1
36-45,45565.78,7,0.69,0,2.0,0.41,0.319,0
26-35,33582.31,4,1.82,0,8.0,0.02,0.258,0
56+,74735.79,10,4.55,0,6.0,0.227,0.117,0
46-55,62979.82,6,1.31,0,9.0,0.55,0.121,0
56+,35913.09,3,4.15,0,5.0,0.578,0.6,0
26-35,97528.36,6,2.12,0,5.0,0.257,0.606,0
56+,63738.44,13,3.02,0,10.0,0.064,0.629,0
26-35,68152.7,8,0.83,0,6.0,0.198,0.568,0
26-35,96162.9,9,1.83,1,8.0,0.655,0.089,1
18-25,45314.49,5,1.39,0,12.0,0.34,0.397,0
18-25,52828.97,5,0.87,0,5.0,0.721,0.464,0
36-45,74698.42,8,1.56,0,6.0,0.548,0.675,1
26-35,31986.6,4,2.86,0,4.0,0.808,0.54,0
26-35,47959.24,6,2.01,0,7.0,0.194,0.273,1
36-45,52327.92,5,0.4,0,11.0,0.052,0.37,0
26-35,28363.25,5,0.93,0,6.0,0.319,0.177,0
36-45,163598.6,12,0.54,0,11.0,0.52,0.598,1
26-35,22431.18,5,2.35,0,11.0,0.248,0.256,0
46-55,26238.58,6,4.51,1,5.0,0.594,0.689,1
46-55,102068.34,9,1.82,0,6.0,0.258,0.101,0
36-45,71032.9,8,0.7,0,7.0,0.771,0.288,0
26-35,27350.72,5,0.45,0,9.0,0.223,0.28,0
26-35,63945.75,6,4.42,1,7.0,0.462,0.802,0
46-55,110556.53,10,0.81,0,8.0,0.433,0.232,0
26-35,45901.97,7,1.05,1,2.0,0.413,0.533,0
26-35,165000.0,9,1.85,0,4.0,0.393,0.612,0
18-25,18278.63,7,0.89,0,4.0,0.139,0.167,0
26-35,66888.89,1,1.39,1,17.0,0.4,0.533,0
36-45,89912.72,9,2.41,0,6.0,0.439,0.162,0
46-55,81920.03,8,2.04,0,16.0,0.215,0.75,0
26-35,41929.09,7,1.95,0,6.0,0.28,0.501,0
26-35,40093.54,9,1.6,0,4.0,0.212,0.55,0
46-55,64922.89,8,1.91,0,7.0,0.205,0.641,0
46-55,78762.5,8,3.23,0,3.0,0.281,0.182,0
26-35,63785.82,9,0.73,1,10.0,,0.583,0
26-35,80083.9,8,2.42,0,2.0,0.242,0.59,0
26-35,27451.82,2,2.47,0,3.0,0.394,0.537,0
56+,48608.76,7,0.7,1,6.0,0.72,0.417,1
18-25,27479.39,6,3.2,0,4.0,0.136,0.94,0
56+,44766.77,7,1.19,0,13.0,0.617,0.598,1
36-45,83109.55,12,1.29,0,3.0,0.228,0.223,0
36-45,51852.15,8,1.18,0,25.0,0.142,0.354,0
18-25,165000.0,5,4.71,0,3.0,0.273,0.444,0
36-45,54207.32,8,1.63,1,12.0,0.476,0.528,0
26-35,48100.11,7,1.4,0,14.0,0.258,0.445,0
26-35,49277.12,9,1.7,0,16.0,0.28,0.509,0
36-45,35183.75,5,1.55,1,9.0,0.491,0.195,1
56+,53099.62,11,1.57,0,11.0,0.644,0.484,0
36-45,88119.56,5,1.26,0,8.0,0.417,0.323,0
36-45,52013.82,5,4.1,0,,0.416,0.332,0
18-25,29655.44,9,1.51,0,8.0,0.07,0.635,0
26-35,28823.78,7,1.01,1,12.0,0.596,0.48,0
18-25,35450.58,4,3.73,0,8.0,0.034,0.169,0
36-45,50940.27,7,2.51,1,13.0,0.565,0.54,1
56+,101789.78,14,3.22,1,9.0,0.661,0.585,1
36-45,24414.83,5,1.0,0,21.0,0.127,0.335,0
18-25,37937.31,8,1.73,1,1.0,0.406,0.588,0
26-35,50263.84,6,3.13,0,8.0,0.362,0.38,0
36-45,18891.61,9,4.16,1,6.0,0.915,0.45,1
26-35,30228.15,6,1.88,0,9.0,0.208,0.026,0
46-55,36187.1,7,1.93,0,7.0,0.652,0.426,0
46-55,34067.37,5,2.38,0,8.0,0.106,0.149,0
36-45,54164.59,8,3.88,0,2.0,0.292,0.27,0
26-35,42894.93,3,2.23,0,1.0,0.26,0.547,0
26-35,34935.24,5,4.7,0,8.0,0.386,0.278,0
18-25,55968.29,6,2.35,0,20.0,0.226,0.633,0
26-35,114233.38,11,2.1,0,3.0,0.075,0.252,0
26-35,109361.41,4,1.76,0,12.0,0.508,0.624,0
36-45,18036.61,4,1.78,0,10.0,0.402,0.575,0
36-45,66176.29,10,3.49,0,8.0,0.588,0.475,0
18-25,40840.43,6,1.45,0,3.0,0.611,0.412,0
26-35,50548.11,10,0.88,0,10.0,0.152,0.539,0
26-35,37907.07,12,1.34,0,20.0,0.227,0.584,0
26-35,49570.25,4,3.31,0,6.0,0.293,0.754,0
46-55,55755.53,10,1.0,0,7.0,0.166,0.065,0
18-25,33154.88,2,2.85,1,11.0,0.975,0.309,1
26-35,29257.43,9,1.24,0,,0.175,0.724,0
26-35,36926.26,5,0.81,1,4.0,0.433,0.458,1
46-55,58210.14,9,1.38,0,13.0,0.439,0.455,0
36-45,66935.05,5,3.23,0,6.0,0.148,0.577,0
26-35,72674.18,12,4.6,1,4.0,,0.344,1
36-45,37911.93,7,1.42,0,6.0,0.075,0.214,0
36-45,56817.47,8,2.98,0,9.0,0.594,0.47,1
56+,90264.66,15,1.26,1,10.0,0.308,0.306,0
26-35,85486.12,6,0.2,0,15.0,0.233,0.32,0
46-55,49981.44,5,1.34,0,9.0,0.092,0.205,0
56+,48781.94,6,3.53,0,8.0,0.191,0.731,0
56+,60438.68,5,0.59,0,10.0,0.266,0.841,0
36-45,26961.15,4,1.02,0,8.0,0.337,0.583,0
36-45,44325.84,2,3.44,0,6.0,0.736,0.261,0
26-35,68678.05,7,2.19,1,23.0,0.587,0.525,1
46-55,71956.17,12,2.08,0,9.0,0.167,0.051,0
36-45,42593.67,2,0.72,0,12.0,0.511,0.335,0
36-45,54896.97,5,1.12,0,1.0,0.242,0.291,0
26-35,30369.13,6,1.77,0,11.0,0.254,0.584,0
36-45,70672.79,6,2.47,0,3.0,0.334,0.793,0
46-55,49490.34,5,6.04,0,6.0,0.368,0.625,1
18-25,38812.8,11,2.4,1,5.0,0.696,0.478,1
46-55,42697.84,12,2.13,1,13.0,0.744,0.348,1
36-45,47443.52,7,2.29,0,2.0,0.074,0.619,0
46-55,40827.19,4,0.54,1,6.0,0.852,0.514,1
26-35,65659.29,7,2.7,0,4.0,0.118,0.267,0
26-35,37966.24,8,0.51,1,13.0,0.368,0.654,0
56+,125284.36,12,4.1,0,6.0,0.395,0.146,0
26-35,99898.45,9,0.9,0,4.0,0.68,0.258,0
46-55,32415.68,7,0.75,0,16.0,0.193,0.747,0
36-45,50830.21,7,0.69,0,1.0,0.129,0.405,0
36-45,34949.47,6,1.99,0,16.0,0.543,0.436,0
26-35,39345.75,7,1.68,0,14.0,0.175,0.47,0
36-45,138865.66,8,2.46,0,6.0,0.178,0.372,0
26-35,39737.99,6,1.64,0,10.0,0.332,0.328,0
18-25,54031.23,8,1.78,0,27.0,0.184,0.174,0
26-35,61789.4,13,0.66,1,1.0,0.539,0.108,0
18-25,26626.78,3,2.6,1,24.0,0.591,0.197,1
56+,35078.73,9,2.48,0,8.0,0.184,0.004,0
56+,29227.59,4,2.91,1,8.0,0.538,0.309,0
26-35,29416.04,8,1.77,0,20.0,0.171,0.1,0
36-45,15000.0,8,2.05,0,11.0,0.552,0.358,0
26-35,61894.27,7,2.61,0,2.0,0.229,0.332,0
36-45,142654.49,9,2.68,1,7.0,0.591,0.353,0
46-55,55651.64,7,2.51,0,4.0,0.282,0.908,0
56+,26200.67,7,2.99,0,5.0,0.141,0.394,0
26-35,33381.47,6,3.41,0,12.0,0.462,0.644,0
46-55,40594.34,7,1.49,0,9.0,0.536,0.13,0
26-35,27470.17,10,1.82,1,8.0,0.449,0.667,1
56+,85587.54,9,2.62,0,,0.237,0.485,0
18-25,68277.48,7,1.04,0,6.0,0.511,0.094,0
36-45,26880.73,6,0.9,0,0.0,0.208,0.33,0
36-45,71470.65,8,0.91,0,15.0,0.44,0.01,0
36-45,108438.95,10,1.12,0,12.0,0.517,0.47,0
18-25,120490.99,8,1.3,0,14.0,0.38,0.692,1
56+,165000.0,12,2.53,1,,0.608,0.212,1
26-35,29171.98,2,1.77,0,4.0,0.181,0.139,0
36-45,165000.0,12,5.1,1,20.0,0.626,0.193,1
26-35,38785.92,4,1.0,0,13.0,0.367,0.218,0
26-35,34266.31,5,6.19,0,11.0,0.568,0.405,1
36-45,58109.1,6,2.76,0,13.0,0.512,0.2,1
26-35,34452.2,3,0.92,0,4.0,0.23,0.66,0
26-35,57382.98,2,0.43,0,8.0,0.557,0.587,1
26-35,23471.91,3,0.85,0,10.0,0.561,0.716,0
26-35,41185.79,6,0.42,0,3.0,0.316,0.345,0
46-55,100559.29,6,1.78,0,19.0,0.369,0.616,1
46-55,50027.5,9,2.55,0,14.0,0.331,0.483,0
18-25,48224.85,5,1.56,0,5.0,0.415,0.178,0
26-35,59702.82,3,1.17,0,14.0,0.567,0.417,1
18-25,82350.85,8,0.9,0,4.0,0.35,0.394,0
18-25,18944.77,4,3.76,0,13.0,0.418,0.27,0
36-45,66433.22,10,1.31,0,8.0,0.638,0.539,1
36-45,42640.84,7,3.43,1,12.0,0.441,0.268,0
26-35,50850.83,15,0.56,0,3.0,0.212,0.453,0
26-35,80916.59,13,4.65,1,9.0,0.203,0.279,0
18-25,24077.26,3,2.05,0,8.0,0.115,0.533,0
46-55,30437.32,4,1.18,0,3.0,0.042,0.163,0
56+,20001.78,6,0.97,0,9.0,0.213,0.411,0
18-25,33672.52,5,2.13,0,0.0,0.527,0.838,0
26-35,93136.81,7,1.83,0,7.0,0.635,0.562,0
46-55,48401.92,12,1.39,0,7.0,0.187,0.378,0
56+,27258.89,8,0.46,0,11.0,0.27,0.196,0
26-35,36222.91,6,1.72,0,10.0,0.394,0.761,0
18-25,20667.38,5,7.0,1,19.0,0.641,0.62,1
18-25,24956.84,2,1.77,0,18.0,0.211,0.469,0
36-45,60005.16,3,0.66,0,4.0,0.37,0.188,0
26-35,25325.98,4,0.62,0,10.0,0.139,0.593,0
18-25,79903.09,7,0.5,0,11.0,,0.263,0
36-45,47241.0,12,2.81,0,4.0,0.257,0.67,0
18-25,46840.77,8,4.12,1,21.0,0.417,0.156,1
46-55,44589.16,10,0.75,0,10.0,0.148,0.256,0
26-35,69694.79,5,0.95,0,16.0,0.212,0.383,0
18-25,67322.05,9,3.68,1,7.0,0.473,0.454,1
36-45,58350.8,10,2.48,0,12.0,0.671,0.369,0
26-35,62548.05,10,0.52,0,4.0,0.073,0.284,0
56+,49006.75,8,2.58,1,12.0,0.394,0.346,0
36-45,64987.2,3,2.54,1,16.0,0.432,0.34,0
26-35,39116.65,6,5.16,0,6.0,0.169,0.413,0
36-45,49077.72,8,1.53,0,7.0,0.441,0.127,0
26-35,40424.25,6,1.32,0,6.0,0.269,0.53,0
56+,43141.74,12,0.68,0,26.0,0.573,0.505,0
26-35,32586.78,6,1.81,0,5.0,0.472,0.437,0
36-45,62517.32,9,1.25,0,12.0,0.619,0.307,0
18-25,88567.04,5,2.4,0,12.0,0.091,0.477,0
26-35,85731.28,19,2.69,0,11.0,0.201,0.068,0
46-55,26811.5,4,1.89,1,5.0,0.899,0.384,1
46-55,100748.8,9,4.26,0,18.0,,0.594,1
26-35,39519.82,6,1.23,1,25.0,0.788,0.286,0
26-35,63728.12,3,1.15,0,9.0,0.512,0.776,0
46-55,32169.31,6,3.64,0,4.0,0.313,0.386,0
56+,58913.74,8,2.22,0,16.0,0.669,0.672,0
18-25,52740.35,5,1.55,0,8.0,0.336,0.652,0
26-35,21547.29,3,3.88,0,29.0,0.499,0.348,0
26-35,63978.28,10,1.56,1,17.0,0.699,0.321,0
46-55,103765.23,8,1.15,0,24.0,0.52,0.595,0
18-25,40912.18,3,1.41,1,18.0,0.519,0.408,0
26-35,94588.14,9,1.54,0,11.0,0.089,0.174,0
46-55,46693.46,7,0.9,0,7.0,0.555,0.144,0
18-25,69688.04,8,1.61,0,19.0,0.209,0.418,0
36-45,15465.14,3,1.82,0,6.0,0.606,0.458,0
26-35,164023.41,13,2.89,0,16.0,0.479,0.363,1
26-35,101482.16,10,3.6,0,15.0,0.265,0.385,0
26-35,40214.98,5,3.64,0,10.0,0.22,0.226,0
36-45,17579.94,6,1.78,0,16.0,0.328,0.129,0
26-35,54164.16,9,1.06,0,,0.227,0.217,0
36-45,23136.31,7,0.86,1,6.0,0.468,0.659,0
46-55,64946.81,13,1.16,0,3.0,0.137,0.576,0
46-55,63832.27,12,0.65,0,9.0,0.366,0.906,0
26-35,28580.23,4,1.01,0,3.0,0.086,0.764,0
18-25,80250.07,7,7.45,0,6.0,0.318,0.829,0
26-35,70891.01,11,4.01,0,2.0,0.429,0.307,0
26-35,77453.12,7,1.98,1,12.0,0.707,0.229,1
26-35,46845.3,6,1.43,0,8.0,0.102,0.475,0
36-45,,6,2.34,1,6.0,0.629,0.514,1
18-25,74495.47,9,0.85,0,11.0,0.256,0.656,0
18-25,38925.58,9,1.51,1,9.0,0.417,0.203,0
26-35,22636.4,4,0.43,0,7.0,0.546,0.492,0
36-45,99018.35,9,2.35,1,15.0,0.733,0.729,1
26-35,138925.34,9,3.71,0,27.0,0.14,0.19,0
36-45,47980.55,2,1.07,0,14.0,0.763,0.505,0
26-35,143306.79,12,0.86,0,,0.286,0.311,0
46-55,54040.21,7,1.08,0,19.0,0.408,0.595,0
46-55,42283.95,6,0.16,0,11.0,0.524,0.326,0
26-35,33595.98,6,0.99,0,8.0,0.503,0.087,0
26-35,109237.85,12,1.26,0,9.0,0.85,0.373,1
26-35,31080.17,7,5.05,1,3.0,0.707,0.587,1
26-35,68346.12,8,2.01,0,2.0,0.297,0.027,0
36-45,36652.42,8,0.95,0,14.0,0.457,0.662,1
46-55,40564.17,5,1.33,0,26.0,0.322,0.392,0
36-45,83761.59,4,1.13,0,11.0,0.202,0.219,0
46-55,42293.17,4,1.16,0,9.0,0.304,0.48,0
26-35,37778.91,5,2.36,1,21.0,0.667,0.613,1
26-35,84040.86,10,0.85,0,5.0,0.308,0.158,0
36-45,112493.04,9,0.73,0,0.0,0.42,0.3,0
26-35,65201.56,5,3.26,0,17.0,0.306,0.717,0
36-45,34874.8,9,2.07,1,8.0,0.797,0.319,0
26-35,35756.37,6,0.26,0,13.0,0.429,0.245,0
18-25,46702.64,2,1.91,0,10.0,0.518,0.069,0
56+,64659.07,7,0.75,0,7.0,0.237,0.277,0
26-35,27897.98,4,0.62,0,6.0,0.231,0.234,0
56+,79696.4,11,3.65,0,16.0,0.81,0.326,0
56+,57209.02,7,0.95,0,8.0,0.334,0.794,0
46-55,21116.96,9,1.42,0,22.0,0.471,0.629,0
36-45,30241.13,9,1.75,0,15.0,,0.404,0
36-45,37716.51,9,3.64,1,10.0,0.287,0.456,1
46-55,49618.25,3,0.73,0,16.0,0.488,0.57,0
26-35,124545.32,20,2.24,0,19.0,0.45,0.698,1
26-35,,9,1.88,0,9.0,0.177,0.314,0
36-45,31659.66,8,2.23,0,18.0,0.454,0.522,0
26-35,52298.76,11,2.1,0,4.0,0.556,0.188,0
26-35,38828.68,9,1.44,0,3.0,0.408,0.069,0
26-35,55208.61,4,1.73,0,8.0,0.538,0.515,0
36-45,66296.69,11,4.38,0,5.0,0.256,0.69,1
46-55,96645.02,12,2.25,1,9.0,0.535,0.619,1
26-35,46044.84,2,2.01,0,30.0,0.633,0.655,1
56+,128317.06,9,1.0,0,5.0,0.227,0.285,0
36-45,78603.52,8,4.9,0,9.0,0.816,0.327,1
46-55,35672.36,6,2.03,1,25.0,0.266,0.491,0
36-45,154681.73,11,2.89,0,15.0,0.47,0.394,0
46-55,61085.95,7,0.74,1,11.0,1.0,0.154,1
18-25,29019.85,3,1.22,0,0.0,0.552,0.753,1
46-55,121724.4,7,0.94,0,10.0,0.071,0.314,0
18-25,131985.1,5,2.45,0,6.0,0.244,0.276,0
46-55,50656.7,8,0.55,0,4.0,0.281,0.425,0
56+,42112.58,10,2.48,0,1.0,0.257,0.443,0
26-35,42632.2,7,2.41,0,0.0,0.598,0.202,0
26-35,67620.1,5,0.39,0,7.0,0.452,0.091,0
46-55,100156.12,11,2.44,0,8.0,0.225,0.826,0
26-35,62733.66,8,1.33,0,15.0,0.118,0.407,0
46-55,54333.49,9,5.01,1,7.0,0.43,0.675,1
18-25,97632.54,11,2.74,0,5.0,0.512,0.288,0
18-25,38075.45,6,1.31,0,2.0,0.62,0.184,0
56+,93533.79,14,1.94,0,5.0,0.126,0.548,0
36-45,42201.34,4,2.97,0,14.0,0.507,0.71,0
46-55,64481.39,10,0.46,1,2.0,0.862,0.698,1
26-35,43956.13,9,1.67,0,2.0,0.06,0.091,0
36-45,47617.56,8,2.88,0,2.0,0.245,0.496,0
36-45,40285.99,8,1.43,0,13.0,0.389,0.358,1
36-45,98649.07,11,2.43,0,19.0,0.328,0.199,0
36-45,33485.86,8,1.61,0,22.0,0.284,0.808,0
36-45,33358.88,11,0.51,0,5.0,0.46,0.794,0
26-35,140493.52,6,2.49,1,25.0,0.598,0.07,1
26-35,77534.69,5,3.58,1,2.0,0.449,0.214,1
46-55,15000.0,4,0.7,0,9.0,0.082,0.497,0
26-35,34754.54,6,1.86,0,14.0,0.539,0.856,1
36-45,19106.15,5,0.8,0,3.0,0.433,0.457,0
26-35,28442.53,4,0.71,0,13.0,0.271,0.236,0
36-45,15000.0,7,1.13,0,11.0,0.412,0.187,0
36-45,45650.3,4,2.41,0,4.0,0.13,0.035,0
26-35,25750.01,4,1.07,0,1.0,0.052,0.127,0
18-25,46219.21,7,0.97,0,12.0,0.492,0.29,0
18-25,19243.66,3,1.3,1,11.0,0.537,0.602,1
36-45,51180.51,11,1.53,0,6.0,0.399,0.622,1
46-55,41533.0,9,1.7,0,10.0,0.386,0.129,0
18-25,97832.84,10,4.7,0,5.0,0.222,0.107,0
36-45,102120.17,5,5.45,0,6.0,0.14,0.169,0
26-35,70149.2,7,1.75,0,13.0,0.595,0.222,0
36-45,41363.78,5,2.48,0,5.0,0.311,0.321,0
56+,153644.66,17,0.47,0,14.0,0.577,0.682,0
26-35,20794.04,6,3.52,1,10.0,0.499,0.313,0
26-35,22474.79,1,1.94,0,10.0,0.268,0.215,0
18-25,42891.66,7,0.43,0,7.0,0.784,0.744,1
18-25,144653.98,10,3.05,0,15.0,0.046,0.602,0
26-35,41973.08,3,2.39,1,15.0,0.677,0.495,1
18-25,40729.69,6,2.67,1,9.0,0.511,0.03,0
36-45,23160.57,5,6.24,0,5.0,0.303,0.236,1
26-35,76258.44,6,1.76,0,11.0,0.594,0.455,0
36-45,80470.96,9,2.23,1,11.0,0.981,0.743,1
26-35,70285.38,8,1.91,0,9.0,0.19,0.686,0
26-35,33617.61,2,1.13,0,3.0,0.251,0.084,0
36-45,33945.53,6,3.34,0,2.0,0.232,0.422,0
56+,27933.35,6,1.82,0,5.0,0.279,0.75,0
18-25,46798.84,9,2.16,0,5.0,0.184,0.553,0
46-55,29383.49,6,3.96,1,2.0,0.575,0.813,1
36-45,26575.46,7,2.2,0,26.0,0.082,0.547,0
36-45,39327.56,7,3.3,1,13.0,0.648,0.387,1
36-45,38011.3,7,0.51,0,16.0,0.16,0.618,0
18-25,33868.86,4,1.21,0,11.0,0.597,0.418,0
18-25,57099.53,5,3.03,1,0.0,0.379,0.39,0
36-45,51077.78,8,1.57,0,3.0,0.351,0.729,0
26-35,40141.21,4,6.29,0,12.0,0.688,0.615,1
56+,60184.3,13,1.3,0,13.0,0.724,0.55,0
26-35,27844.92,6,5.86,1,3.0,0.294,0.282,1
18-25,47322.68,8,0.7,0,11.0,0.196,0.678,0
36-45,53014.11,8,0.41,0,1.0,0.159,0.634,0
26-35,21341.65,6,0.69,0,15.0,0.181,0.589,0
36-45,82269.91,10,3.32,0,12.0,0.688,0.838,1
36-45,30997.27,8,0.51,0,1.0,0.806,0.164,0
56+,57351.89,5,0.8,0,4.0,0.388,0.343,0
46-55,94418.67,8,1.09,0,7.0,0.767,0.173,0
36-45,79328.43,5,4.47,1,,0.797,0.186,1
36-45,49903.85,10,2.58,0,2.0,0.089,0.639,0
56+,45319.86,4,1.6,0,6.0,0.502,0.596,0
26-35,76321.21,10,0.27,0,5.0,0.355,0.238,0
18-25,63630.07,4,2.06,0,12.0,0.567,0.331,1
26-35,33807.91,6,0.56,0,12.0,0.777,0.364,0
26-35,30842.7,8,2.21,0,1.0,0.813,0.351,1
36-45,16686.83,8,2.69,0,11.0,0.317,0.397,0
36-45,53108.73,7,2.17,0,25.0,0.225,0.193,0
36-45,46957.45,4,3.38,1,17.0,0.933,0.594,1
18-25,80887.9,4,1.09,1,2.0,0.441,0.475,0
36-45,59083.6,5,3.5,0,17.0,0.63,0.318,0
26-35,93320.88,9,1.2,0,6.0,0.357,0.35,0
36-45,34110.84,8,0.76,0,9.0,0.646,0.563,0
36-45,88595.66,8,1.15,1,7.0,0.469,0.606,1
26-35,35417.58,5,1.74,1,2.0,0.435,0.611,1
18-25,67127.56,9,0.68,1,7.0,0.982,0.38,1
18-25,20982.53,7,1.59,0,7.0,0.702,0.37,1
46-55,58236.66,9,2.24,0,4.0,0.202,0.265,0
56+,19495.95,4,1.07,1,3.0,0.331,0.249,0
36-45,42663.05,6,3.24,1,5.0,0.707,0.535,1
18-25,56330.09,5,1.56,0,8.0,0.37,0.194,0
26-35,35564.26,7,0.4,0,8.0,0.624,0.312,0
36-45,28389.44,8,1.53,1,2.0,0.574,0.091,0
46-55,80015.98,13,0.62,1,2.0,0.585,0.135,0
18-25,42454.97,15,0.6,0,10.0,0.592,0.046,0
18-25,34732.23,3,0.87,0,17.0,0.163,0.604,0
36-45,50100.48,7,2.96,1,6.0,0.624,0.544,1
26-35,165000.0,14,2.18,0,1.0,0.425,0.476,0
26-35,84950.28,10,0.37,0,4.0,0.222,0.398,0
18-25,82005.23,3,3.09,0,21.0,0.542,0.443,0
36-45,61481.04,7,4.12,0,2.0,0.411,0.526,0
46-55,56194.4,11,2.04,0,2.0,0.668,0.219,0
56+,15741.21,4,1.01,0,5.0,,0.552,0
36-45,34438.49,6,1.34,0,12.0,0.645,0.523,1
36-45,38181.31,6,2.34,0,3.0,0.686,0.704,1
18-25,16899.78,3,0.12,0,2.0,0.602,0.529,0
36-45,26853.29,5,1.32,0,8.0,0.57,0.517,0
26-35,16646.66,8,0.55,0,7.0,0.699,0.035,0
36-45,48053.57,8,2.0,0,0.0,0.095,0.461,0
26-35,71378.95,6,0.74,0,10.0,0.298,0.232,0
26-35,82910.98,6,4.79,0,18.0,0.763,0.57,1
18-25,55586.07,7,2.27,0,7.0,0.566,0.635,0
26-35,28255.23,6,2.13,1,7.0,0.519,0.4,1
18-25,16404.75,7,1.48,0,,0.518,0.505,0
26-35,18702.8,6,0.92,0,2.0,0.36,0.339,0
56+,28286.19,3,0.59,0,13.0,0.717,0.299,0
26-35,29371.88,0,2.41,0,8.0,0.252,0.519,0
36-45,45113.23,5,0.6,0,7.0,0.17,0.235,0
46-55,30413.28,8,1.41,0,,0.126,0.262,0
56+,65268.67,4,1.23,0,1.0,0.379,0.166,0
36-45,43443.55,5,3.15,0,3.0,0.363,0.373,0
46-55,51817.53,4,2.62,1,5.0,0.616,0.051,0
26-35,84366.89,13,3.92,0,16.0,0.143,0.252,0
26-35,25242.38,8,0.83,0,15.0,0.077,0.418,0
26-35,57972.64,3,1.35,0,5.0,0.268,0.284,0
36-45,48665.9,8,2.86,0,17.0,0.038,0.154,0
36-45,41216.22,2,2.19,1,14.0,0.214,0.566,0
26-35,73890.04,7,1.15,1,6.0,,0.453,0
18-25,70762.7,3,6.6,1,10.0,1.0,0.31,1
36-45,29966.18,8,3.86,0,18.0,0.527,0.645,0
18-25,40752.66,8,2.26,1,11.0,0.332,0.73,0
36-45,56739.74,8,0.41,0,8.0,0.496,0.365,0
36-45,42533.04,7,1.8,0,,0.246,0.278,0
36-45,66450.4,3,1.42,0,7.0,0.225,0.152,0
46-55,59648.24,9,2.88,0,5.0,0.694,0.315,0
46-55,133643.6,6,0.83,1,15.0,0.708,0.585,1
36-45,,6,1.29,1,21.0,0.828,0.387,0
36-45,,8,3.02,1,18.0,0.436,0.374,1
36-45,30564.02,2,2.4,0,6.0,0.15,0.443,0
26-35,,11,0.74,0,6.0,0.429,0.67,0
18-25,19323.37,3,3.31,1,8.0,0.634,0.826,1
26-35,55830.89,10,1.84,0,17.0,0.466,0.496,0
26-35,33603.14,2,1.29,0,2.0,0.377,0.353,0
36-45,33464.35,7,3.84,0,5.0,0.351,0.29,0
46-55,24290.02,12,1.43,0,,0.239,0.582,0
26-35,36613.07,6,2.7,1,21.0,0.423,0.753,0
18-25,78742.65,4,4.54,0,3.0,0.399,0.204,1
56+,54008.78,4,2.7,0,15.0,0.131,0.869,0
18-25,,8,1.89,0,4.0,0.538,0.374,0
36-45,116496.18,11,2.24,0,6.0,0.416,0.146,0
36-45,56227.03,4,0.12,0,14.0,0.097,0.273,0
36-45,36659.37,10,2.3,0,4.0,0.867,0.634,1
18-25,57123.52,6,1.7,1,7.0,0.587,0.238,0
18-25,33757.77,6,2.16,1,2.0,0.474,0.421,0
18-25,34465.02,5,0.6,0,11.0,0.237,0.738,0
36-45,22240.18,4,4.32,1,7.0,0.768,0.775,1
36-45,79352.39,6,0.63,1,12.0,0.671,0.344,0
26-35,38149.91,5,0.9,0,6.0,0.323,0.363,0
36-45,53889.51,9,2.66,0,2.0,0.127,0.461,0
46-55,30070.5,8,1.27,1,2.0,0.504,0.132,0
18-25,56201.17,2,1.36,0,16.0,0.446,0.323,0
36-45,32984.42,7,1.27,0,4.0,0.198,0.77,0
36-45,45538.41,7,1.14,0,,0.277,0.478,0
26-35,73605.1,10,2.84,0,3.0,0.393,0.513,0
26-35,70346.96,4,5.52,1,3.0,0.315,0.484,1
36-45,48462.44,5,1.79,0,6.0,0.47,0.412,0
46-55,20549.09,9,1.65,1,14.0,0.827,0.833,1
46-55,165000.0,12,1.06,0,0.0,0.074,0.268,0
36-45,121521.52,17,2.31,1,10.0,0.272,0.565,1
36-45,71381.28,4,1.55,0,19.0,0.12,0.25,0
26-35,31518.63,7,3.25,1,5.0,0.535,0.448,1
36-45,46209.1,5,0.71,0,1.0,0.354,0.674,0
26-35,35151.46,5,1.47,0,5.0,0.142,0.217,0
26-35,89967.62,10,2.74,0,4.0,0.718,0.75,1
36-45,56190.42,5,2.55,0,4.0,0.316,0.589,0
36-45,32605.45,3,1.79,0,12.0,0.78,0.416,0
26-35,36505.1,5,1.12,0,14.0,0.568,0.17,0
56+,98028.92,18,1.21,0,14.0,0.472,0.707,0
18-25,102955.37,7,2.59,0,6.0,0.268,0.714,1
26-35,103231.82,7,3.21,0,15.0,0.242,0.297,0
18-25,66413.57,6,3.39,0,7.0,0.284,0.249,0
46-55,45190.18,7,1.49,0,29.0,0.624,0.551,0
36-45,15000.0,3,1.21,1,2.0,0.255,0.386,0
26-35,54421.97,4,2.16,0,11.0,0.432,0.122,0
36-45,48974.21,10,1.55,0,13.0,0.25,0.754,0
26-35,50150.85,6,1.26,0,13.0,0.556,0.336,0
46-55,52998.91,10,1.44,0,5.0,0.586,0.503,1
26-35,23396.55,7,2.5,0,4.0,0.36,0.468,0
26-35,62308.46,10,1.25,0,13.0,0.469,0.15,0
56+,76020.06,9,1.24,0,18.0,0.083,0.387,0
26-35,66490.62,11,1.7,0,1.0,0.664,0.103,0
18-25,73292.97,6,0.88,0,21.0,0.539,0.6,0
36-45,67111.24,11,2.48,0,4.0,0.434,0.628,0
56+,44213.47,9,0.93,0,14.0,0.45,0.416,0
26-35,44943.65,7,1.64,0,13.0,0.337,0.214,0
18-25,46975.66,7,1.91,0,13.0,0.322,0.343,0
26-35,49315.99,3,0.12,0,21.0,0.267,0.745,0
36-45,82377.96,8,1.41,1,7.0,0.344,0.161,0
26-35,65166.95,7,2.37,1,6.0,0.405,0.145,1
36-45,144382.11,12,0.76,1,4.0,0.494,0.484,0
56+,165000.0,14,1.77,0,17.0,0.687,0.158,0
26-35,,7,1.37,0,9.0,0.688,0.631,1
26-35,15000.0,6,1.09,0,2.0,0.076,0.209,0
26-35,88712.22,9,1.0,1,2.0,0.589,0.564,1
18-25,33826.65,7,1.39,0,18.0,0.501,0.837,0
46-55,33969.84,6,3.46,0,10.0,0.256,0.3,0
26-35,37903.87,2,2.19,0,14.0,0.19,0.563,0
26-35,36965.7,8,1.63,0,10.0,0.633,0.307,0
36-45,67398.65,7,2.78,1,26.0,0.765,0.523,1
26-35,20724.95,7,2.03,0,,0.217,0.225,0
36-45,27989.51,3,2.94,0,5.0,0.457,0.197,0
18-25,53553.82,3,1.13,0,22.0,0.408,0.838,1
46-55,71248.63,7,1.49,0,4.0,0.549,0.659,1
56+,76389.59,10,3.83,0,10.0,0.559,0.638,1
36-45,32556.79,5,0.52,0,10.0,0.185,0.311,0
56+,32902.43,7,2.67,1,5.0,0.591,0.308,0
26-35,35830.33,7,1.85,0,12.0,0.391,0.467,1
36-45,55533.06,4,1.38,0,6.0,0.025,0.403,0
36-45,106132.99,7,6.71,1,16.0,0.275,0.554,1
36-45,16904.46,5,0.68,0,9.0,0.308,0.627,0
26-35,41573.62,5,0.33,0,16.0,0.252,0.446,0
26-35,23318.61,6,2.52,0,11.0,0.561,0.661,1
18-25,18974.17,7,0.62,0,20.0,0.247,0.431,0
26-35,77096.83,10,2.17,0,6.0,0.103,0.3,0
26-35,61895.63,4,1.84,0,6.0,0.137,0.543,0
36-45,61926.62,9,0.32,0,17.0,0.03,0.164,0
26-35,75277.26,7,4.1,0,,0.098,0.508,0
18-25,34910.61,5,1.03,0,3.0,0.298,0.361,0
36-45,39145.02,6,1.84,0,6.0,0.475,0.342,0
36-45,152753.37,12,5.61,1,6.0,0.523,0.144,1
46-55,45332.66,6,4.82,0,14.0,0.544,0.493,1
36-45,,5,5.22,1,6.0,0.383,0.419,0
26-35,46785.02,2,2.09,0,4.0,0.551,0.191,0
46-55,19710.48,8,2.34,0,6.0,0.187,0.526,0
36-45,16929.16,8,0.99,0,12.0,0.446,0.543,1
18-25,33154.32,7,1.12,0,8.0,0.668,0.8,0
36-45,84895.18,12,3.42,1,6.0,0.739,0.709,1
56+,82447.06,8,3.53,0,5.0,0.669,0.315,0
26-35,75005.76,6,0.96,0,7.0,0.416,0.385,0
26-35,27909.88,3,1.23,0,0.0,0.67,0.489,0
18-25,103803.37,7,2.75,0,5.0,0.709,0.48,1
26-35,28233.25,8,0.58,0,11.0,0.275,0.319,0
26-35,52086.9,3,2.53,1,5.0,0.821,0.458,0
36-45,48757.62,7,1.03,0,3.0,0.506,0.201,0
18-25,40928.65,7,2.79,0,18.0,0.241,0.743,0
56+,109761.81,9,3.58,1,20.0,0.36,0.052,0
46-55,35715.59,7,1.23,0,19.0,0.279,0.461,0
36-45,24299.36,5,1.49,0,11.0,0.416,0.084,0
46-55,52072.78,9,3.9,0,4.0,0.371,0.258,0
18-25,36391.49,6,4.5,0,14.0,0.704,0.591,1
36-45,165000.0,6,1.47,0,5.0,0.323,0.645,0
36-45,69688.03,9,2.19,0,9.0,0.277,0.168,0
46-55,41653.59,9,1.03,1,2.0,0.405,0.661,0
46-55,29757.07,7,0.71,0,0.0,0.273,0.338,0
26-35,17540.19,1,1.0,0,6.0,0.586,0.203,0
56+,32108.82,8,1.84,0,9.0,0.429,0.468,0
18-25,47561.06,7,1.51,0,14.0,0.315,0.127,0
46-55,108251.33,10,0.67,0,25.0,0.403,0.692,0
56+,98054.46,8,0.24,0,23.0,0.166,0.463,0
26-35,52529.45,12,0.86,0,7.0,0.62,0.125,0
36-45,41437.97,10,2.8,0,11.0,0.177,0.173,0
18-25,51522.94,3,2.92,0,7.0,0.309,0.347,0
26-35,35607.38,5,3.35,1,4.0,0.671,0.439,1
36-45,119796.44,12,2.2,0,13.0,0.217,0.778,0
36-45,44427.82,7,5.31,0,,0.238,0.148,0
56+,52318.45,16,1.62,0,7.0,0.695,0.491,0
36-45,15487.25,7,1.69,0,5.0,0.046,0.327,0
36-45,44283.79,3,1.62,0,9.0,0.636,0.483,0
46-55,79616.11,11,1.21,0,15.0,0.622,0.742,0
56+,31406.94,6,2.13,0,5.0,0.155,0.308,0
18-25,30321.9,4,0.41,1,11.0,0.624,0.502,0
56+,229324.87669180444,9,2.6,0,4.0,0.365,0.112,0
18-25,20788.15,6,3.07,0,24.0,0.364,0.342,1
46-55,89326.77,10,3.16,1,10.0,0.736,0.918,1
26-35,35358.18,4,0.86,0,2.0,0.269,0.791,0
18-25,36605.16,7,1.03,0,4.0,0.669,0.416,0
26-35,25993.02,3,2.22,0,13.0,0.817,0.144,0
36-45,59669.96,11,1.44,0,26.0,0.563,0.603,0
26-35,165000.0,11,3.17,0,10.0,0.226,0.188,0
18-25,67263.87,14,1.74,0,5.0,0.237,0.272,0
36-45,31274.92,5,1.18,0,4.0,0.519,0.227,0
56+,98767.38,9,1.41,0,16.0,0.39,0.707,0
26-35,39550.22,10,2.29,0,14.0,0.26,0.356,0
26-35,95294.96,5,0.82,1,11.0,0.543,0.524,0
26-35,70931.63,5,5.42,0,8.0,0.712,0.364,1
18-25,15000.0,6,3.07,0,9.0,0.38,0.57,0
46-55,30573.18,10,1.23,0,6.0,0.396,0.827,0
46-55,84210.96,10,1.11,0,9.0,0.214,0.49,0
36-45,53043.19,7,0.95,1,11.0,,0.21,0
26-35,27382.16,9,1.67,0,10.0,0.077,0.462,0
46-55,37068.89,12,0.84,0,2.0,0.26,0.29,0
36-45,18192.36,2,1.64,1,9.0,0.49,0.531,0
46-55,49219.54,7,1.44,0,10.0,0.742,0.602,0
36-45,154748.83,14,0.73,0,10.0,0.262,0.224,0
46-55,78320.55,6,1.31,0,6.0,0.495,0.701,1
36-45,153126.07,14,1.16,0,19.0,0.348,0.124,0
26-35,73780.26,9,1.84,0,5.0,0.88,0.328,1
56+,93366.63,15,0.7,0,18.0,0.473,0.503,0
36-45,136833.61,12,0.65,0,1.0,0.289,0.877,0
36-45,59645.67,1,1.31,0,6.0,0.508,0.209,0
26-35,42304.21,5,1.77,0,14.0,0.731,0.897,0
36-45,83866.53,8,1.5,0,9.0,0.235,0.536,0
36-45,104401.25,6,1.21,0,14.0,0.593,0.178,1
26-35,36330.7,5,1.92,0,10.0,0.262,0.14,0
18-25,30785.04,8,0.77,0,18.0,0.709,0.419,0
36-45,52691.27,10,0.62,0,9.0,0.078,0.319,0
46-55,79409.99,10,0.53,0,8.0,0.323,0.491,0
36-45,74236.21,6,2.1,0,15.0,0.593,0.295,0
26-35,22235.22,4,5.17,1,5.0,0.425,0.511,0
36-45,132459.89,5,0.91,0,9.0,0.476,0.361,0
18-25,32099.45,7,0.66,1,12.0,0.385,0.407,0
26-35,40626.11,10,2.72,0,11.0,0.523,0.723,0
26-35,29161.94,4,3.06,0,7.0,0.369,0.484,0
26-35,165000.0,7,1.09,0,8.0,0.387,0.316,0
26-35,,3,1.46,1,14.0,0.397,0.642,0
26-35,29956.24,6,1.79,0,11.0,0.45,0.336,0
18-25,70209.59,7,4.86,0,13.0,0.189,0.335,1
26-35,69560.39,3,0.7,0,7.0,0.584,0.596,0
36-45,44461.63,9,0.87,0,6.0,0.326,0.495,0
36-45,,9,1.36,0,15.0,0.297,0.447,0
26-35,30359.0,4,0.1,0,16.0,0.482,0.727,0
46-55,39882.08,4,2.18,0,21.0,0.515,0.616,0
18-25,15751.44,9,2.17,1,8.0,0.541,0.361,0
36-45,24625.69,4,0.82,0,5.0,0.291,0.432,0
18-25,114687.7,9,1.74,0,4.0,0.48,0.219,0
18-25,105192.04,7,2.16,1,11.0,0.632,0.278,1
36-45,50726.82,12,1.67,0,,0.132,0.317,0
36-45,116392.61,10,0.54,0,7.0,0.384,0.723,0
46-55,47418.19,12,3.4,0,10.0,0.537,0.582,1
36-45,43192.69,8,1.08,0,5.0,0.653,0.588,0
56+,56352.71,11,2.51,0,9.0,0.374,0.208,0
18-25,41983.87,7,2.49,0,8.0,0.232,0.769,0
18-25,40058.57,7,2.05,0,2.0,0.319,0.354,0
18-25,81191.6,7,0.93,0,10.0,0.449,0.248,0
26-35,50416.34,6,1.74,0,0.0,0.203,0.396,0
36-45,71003.93,10,1.08,1,28.0,0.286,0.262,0
36-45,83810.86,7,4.19,1,15.0,0.409,0.447,1
18-25,54822.54,4,0.23,1,1.0,0.485,0.26,0
56+,33039.49,12,1.6,0,14.0,0.141,0.57,0
46-55,25501.94,9,1.94,0,11.0,0.376,0.24,0
26-35,50380.83,9,1.0,0,3.0,0.661,0.341,0
18-25,40984.4,1,3.35,0,35.0,0.541,0.589,1
26-35,,9,2.49,0,15.0,0.52,0.6,1
18-25,44429.19,6,3.14,0,5.0,0.135,0.729,0
18-25,165000.0,6,2.61,0,9.0,0.146,0.546,0
36-45,24545.46,10,0.88,0,7.0,0.24,0.19,0
26-35,16567.99,6,0.73,0,6.0,0.333,0.359,0
26-35,55427.77,6,0.53,0,6.0,0.249,0.539,0
56+,44992.91,7,0.84,0,2.0,0.228,0.258,0
36-45,57777.53,10,1.22,0,24.0,0.266,0.721,0
56+,74133.23,8,2.6,1,11.0,0.722,0.247,1
18-25,87354.9,7,0.95,1,11.0,0.673,0.148,1
26-35,21295.32,6,2.07,0,17.0,0.038,0.392,0
36-45,36699.07,4,1.4,1,16.0,0.628,0.294,1
18-25,55991.54,8,2.34,0,10.0,0.445,0.367,0
18-25,66879.05,5,2.93,0,3.0,0.266,0.695,0
36-45,153367.73,13,1.98,0,8.0,0.465,0.134,0
36-45,80576.8,5,0.63,0,9.0,0.198,0.587,0
26-35,45273.17,8,1.98,0,9.0,0.512,0.702,1
36-45,30852.51,4,3.78,0,12.0,0.306,0.244,0
26-35,34772.05,3,0.82,0,2.0,0.339,0.593,0
18-25,32918.65,2,3.6,0,4.0,0.336,0.849,0
26-35,65560.03,6,1.03,0,5.0,0.177,0.33,0
26-35,53297.18,7,1.61,0,19.0,0.252,0.415,0
18-25,22509.71,4,0.89,0,5.0,0.089,0.435,0
56+,43622.63,6,1.45,1,13.0,0.527,0.384,0
36-45,77367.71,6,4.01,1,3.0,0.467,0.307,0
36-45,58856.9,8,0.53,0,10.0,0.571,0.228,0
26-35,62673.58,9,3.48,0,5.0,0.375,0.239,0
26-35,56903.91,13,1.35,0,1.0,0.411,0.098,0
26-35,108634.46,10,1.36,0,4.0,0.365,0.4,0
18-25,50652.43,7,0.52,0,22.0,0.097,0.671,0
26-35,38149.51,5,0.84,0,2.0,0.273,0.353,0
46-55,32010.12,3,2.45,0,16.0,0.232,0.556,0
36-45,55814.94,3,2.17,0,11.0,0.048,0.323,0
36-45,15000.0,3,3.5,0,9.0,0.161,0.322,0
36-45,44541.19,7,0.75,0,8.0,0.28,0.207,0
56+,49166.28,6,2.15,1,13.0,0.4,0.207,1
18-25,22036.93,3,1.45,0,15.0,0.779,0.537,1
26-35,28776.14,6,2.67,0,4.0,0.345,0.623,0
26-35,71041.67,6,0.23,0,7.0,0.18,0.252,0
46-55,58102.86,7,1.56,0,0.0,0.513,0.095,0
56+,57695.24,10,1.82,0,6.0,0.316,0.408,0
26-35,54682.59,14,1.75,0,8.0,0.352,0.452,0
46-55,54077.11,4,0.91,0,1.0,0.096,0.531,0
46-55,98350.07,10,2.34,1,7.0,0.38,0.235,0
26-35,49721.03,7,1.74,0,5.0,0.549,0.256,0
26-35,21845.04,6,0.57,0,4.0,0.388,0.51,0
26-35,108843.63,6,0.4,0,17.0,0.244,0.264,0
56+,66341.9,8,1.82,1,2.0,0.593,0.69,0
26-35,34323.59,12,0.78,1,17.0,0.449,0.309,0
46-55,26855.64,10,1.71,0,10.0,0.132,0.525,1
26-35,57289.66,9,2.13,0,15.0,0.13,0.47,0
36-45,46123.16,8,0.25,0,17.0,0.198,0.485,0
26-35,105720.74,9,1.27,0,6.0,0.195,0.408,1
36-45,40950.87,4,1.07,0,3.0,0.646,0.443,1
46-55,33341.63,8,1.16,1,4.0,0.618,0.795,1
46-55,82109.91,11,0.87,0,12.0,0.353,0.404,0
46-55,,6,2.84,0,6.0,0.091,0.183,0
18-25,48908.12,2,3.16,0,14.0,0.148,0.327,0
36-45,69682.58,10,0.93,0,10.0,0.248,0.298,0
18-25,43932.19,4,0.88,0,,0.399,0.093,0
26-35,52659.92,7,0.27,0,3.0,0.357,0.435,0
36-45,89840.87,11,0.94,0,18.0,0.131,0.663,0
26-35,64548.07,7,1.24,0,6.0,0.186,0.224,0
36-45,44890.31,5,0.77,1,3.0,0.403,0.229,0
56+,110550.59,9,0.51,1,9.0,,0.523,0
18-25,15000.0,6,3.41,0,15.0,0.336,0.219,0
36-45,142497.27,11,1.91,0,7.0,0.56,0.176,0
26-35,19204.53,4,2.72,1,0.0,0.404,0.601,0
18-25,32335.2,7,1.28,0,5.0,0.589,0.505,0
26-35,45648.36,12,1.06,0,10.0,0.381,0.471,0
56+,50707.55,5,2.36,0,1.0,0.596,0.327,0
46-55,86971.32,7,2.2,0,3.0,0.408,0.28,0
56+,31568.81,8,0.7,1,4.0,0.203,0.462,1
56+,62667.53,14,0.21,0,0.0,0.482,0.761,0
26-35,34521.23,5,2.22,1,10.0,0.649,0.21,1
26-35,54364.86,5,1.8,0,11.0,0.492,0.444,0
36-45,47397.2,5,1.57,0,13.0,0.747,0.226,0
36-45,51447.98,3,1.15,0,11.0,0.379,0.083,0
26-35,35032.77,4,1.62,1,,0.531,0.146,0
26-35,35766.49,7,1.77,0,6.0,0.34,0.341,0
36-45,56918.84,10,2.2,0,35.0,0.364,0.42,0
36-45,80076.05,5,2.11,0,13.0,0.448,0.039,0
26-35,,5,1.62,0,3.0,0.136,0.893,0
36-45,31202.11,6,1.0,0,10.0,0.605,0.215,0
36-45,67440.38,6,0.28,1,6.0,0.809,0.615,1
36-45,48199.21,6,2.21,0,7.0,0.418,0.37,1
26-35,71815.75,6,1.55,1,16.0,0.937,0.579,1
36-45,30607.04,6,1.52,0,8.0,0.474,0.633,0
18-25,17759.78,4,0.43,0,9.0,0.273,0.689,0
26-35,35342.37,9,3.04,0,13.0,0.228,0.096,0
46-55,34596.11,8,1.08,0,5.0,0.346,0.636,0
36-45,47053.01,11,2.27,0,7.0,0.628,0.269,1
26-35,33484.59,6,0.3,0,12.0,0.077,0.774,0
36-45,72065.36,5,0.86,0,6.0,0.443,0.142,0
36-45,42199.42,5,0.52,0,12.0,0.116,0.361,0
46-55,55728.49,7,1.95,0,34.0,0.382,0.628,1
36-45,53208.32,6,1.63,0,9.0,0.536,0.591,1
36-45,54251.0,8,1.22,0,10.0,0.607,0.597,0
36-45,48409.57,7,0.55,0,6.0,0.415,0.441,0
18-25,58425.77,5,4.3,0,18.0,0.44,0.375,0
26-35,30830.49,5,0.72,0,14.0,0.287,0.396,0
26-35,96538.51,12,1.35,0,0.0,0.358,0.752,0
36-45,43347.34,3,4.3,0,8.0,0.146,0.316,0
36-45,24785.01,4,1.19,0,18.0,0.554,0.529,0
26-35,51420.81,3,3.41,0,,0.23,0.3,0
18-25,28778.57,4,1.79,0,11.0,0.3,0.418,0
36-45,69284.32,7,3.1,1,8.0,0.527,0.217,1
26-35,147118.68,15,3.27,1,20.0,0.288,0.348,1
36-45,32564.65,8,0.66,1,12.0,0.541,0.327,1
18-25,53254.29,4,5.96,0,6.0,0.357,0.936,0
36-45,19675.65,2,3.4,0,29.0,,0.251,0
56+,69288.26,9,1.36,0,4.0,0.732,0.54,0
26-35,29419.97,6,2.96,0,4.0,0.3,0.527,0
36-45,35421.92,5,1.25,0,,0.166,0.487,0
18-25,,5,3.0,0,11.0,0.486,0.396,0
36-45,71733.89,8,1.26,0,10.0,0.312,0.317,0
36-45,82768.12,11,2.84,1,0.0,0.667,0.408,1
26-35,47200.53,6,1.71,0,15.0,0.056,0.242,0
36-45,31272.62,9,2.94,1,7.0,0.808,0.242,0
46-55,117777.44,9,1.4,1,5.0,0.793,0.38,1
26-35,31564.45,10,2.69,0,8.0,0.188,0.586,0
18-25,15000.0,4,1.68,0,8.0,0.406,0.189,0
46-55,65405.54,9,1.99,0,4.0,0.265,0.533,0
36-45,27598.51,3,0.8,0,9.0,0.425,0.61,0
46-55,86169.93,8,1.34,0,3.0,0.539,0.291,1
36-45,40207.48,3,3.25,0,5.0,0.388,0.581,0
46-55,70539.7,14,1.44,0,8.0,0.491,0.504,0
26-35,96643.11,9,1.72,1,14.0,0.531,0.075,1
36-45,,6,1.45,0,3.0,0.186,0.112,0
56+,40770.44,6,1.89,0,10.0,0.427,0.893,0
36-45,47129.34,9,0.63,0,5.0,0.548,0.286,0
26-35,103727.93,10,1.28,0,3.0,0.536,0.495,0
26-35,33111.67,4,1.59,0,5.0,0.649,0.085,0
26-35,34230.01,8,0.43,0,18.0,0.484,0.635,0
26-35,59792.36,4,5.35,1,4.0,,0.024,1
26-35,34538.88,3,2.21,0,11.0,0.204,0.77,0
36-45,53067.15,8,2.52,0,23.0,0.207,0.452,0
36-45,21877.21,2,2.74,0,8.0,0.279,0.766,0
26-35,147480.55,12,2.16,0,33.0,0.334,0.705,1
36-45,24323.33,6,4.89,1,9.0,0.489,0.167,1
18-25,37899.33,8,1.04,0,1.0,0.171,0.314,0
18-25,44051.29,5,0.47,0,3.0,0.09,0.5,0
26-35,126070.66,11,1.34,1,14.0,0.554,0.028,0
36-45,24614.23,13,3.3,0,17.0,0.602,0.267,0
26-35,130813.27,11,0.6,0,22.0,0.325,0.71,0
26-35,69129.16,10,1.59,0,3.0,0.505,0.659,1
26-35,57924.14,8,0.98,0,1.0,0.592,0.365,0
46-55,30883.91,5,3.18,0,16.0,0.216,0.145,1
18-25,60294.34,8,2.95,0,15.0,0.4,0.357,0
36-45,33650.63,2,0.44,0,8.0,0.385,0.082,0
36-45,94718.43,7,0.29,1,8.0,0.518,0.683,1
46-55,31102.63,2,1.6,0,11.0,0.637,0.595,1
56+,51593.84,11,1.74,1,10.0,0.475,0.515,1
18-25,33565.63,7,1.3,0,5.0,0.575,0.533,0
26-35,27902.96,5,0.61,0,6.0,0.58,0.741,1
46-55,75772.17,11,1.05,0,10.0,0.445,0.575,0
26-35,61601.32,8,2.53,1,5.0,0.583,0.743,1
36-45,91921.05,9,0.38,0,11.0,0.369,0.832,1
36-45,19427.89,8,3.33,0,1.0,0.125,0.521,0
36-45,85252.16,7,1.05,1,16.0,0.773,0.437,1
56+,165000.0,12,5.96,1,3.0,0.245,0.327,1
56+,43267.05,5,0.77,0,0.0,0.564,0.423,0
36-45,131331.15,10,2.29,0,18.0,0.86,0.24,0
26-35,40666.35,10,7.57,0,6.0,0.224,0.223,1
46-55,25244.08,5,1.11,0,14.0,0.365,0.735,0
18-25,38218.35,7,1.54,0,5.0,0.515,0.256,0
26-35,80423.85,9,3.41,0,5.0,0.475,0.404,0
46-55,33327.84,4,2.77,0,3.0,0.456,0.164,0
26-35,34126.31,6,3.3,0,12.0,0.291,0.497,0
26-35,63490.18,5,3.77,0,4.0,0.321,0.513,0
18-25,44872.99,3,0.5,0,7.0,0.207,0.145,0
46-55,69842.92,12,2.11,0,4.0,0.449,0.353,0
36-45,55474.09,10,3.72,0,11.0,0.199,0.315,0
36-45,62906.52,12,1.52,0,16.0,0.035,0.238,0
26-35,37242.41,8,2.06,1,7.0,0.539,0.444,0
46-55,58133.66,9,2.03,0,10.0,0.481,0.26,0
46-55,31817.32,1,1.25,1,5.0,0.422,0.57,0
26-35,91124.82,5,1.43,0,28.0,0.422,0.405,0
26-35,33529.37,6,0.84,0,9.0,0.169,0.608,0
26-35,83868.11,6,1.64,0,2.0,,0.05,0
56+,48461.47,10,3.89,0,3.0,0.397,0.307,0
36-45,54450.07,5,3.81,0,9.0,0.361,0.552,0
56+,42303.22,5,1.12,0,26.0,0.296,0.749,0
26-35,27492.88,5,0.37,0,4.0,0.255,0.09,0
46-55,20800.34,4,1.69,1,3.0,0.34,0.039,0
46-55,29769.26,11,0.49,1,8.0,0.324,0.309,0
36-45,,4,1.19,1,15.0,0.731,0.448,1
56+,61094.5,5,3.23,0,7.0,0.529,0.494,0
26-35,78857.46,3,1.21,0,10.0,0.603,0.069,0
18-25,35532.61,8,2.49,0,7.0,0.349,0.203,0
36-45,30988.78,12,0.78,0,7.0,0.549,0.595,0
36-45,23150.89,3,3.46,0,16.0,0.709,0.584,1
36-45,62920.86,7,1.22,0,4.0,0.191,0.373,0
26-35,95727.52,12,3.18,0,11.0,0.117,0.095,0
36-45,94702.13,6,3.47,0,20.0,0.534,0.389,0
26-35,67451.56,7,1.28,1,6.0,0.655,0.358,0
26-35,64993.5,6,0.62,0,13.0,0.46,0.819,0
36-45,118511.39,11,1.76,0,10.0,0.341,0.455,0
36-45,58260.66,8,0.69,0,9.0,0.287,0.748,0
26-35,65250.4,6,1.3,0,9.0,0.243,0.091,0
26-35,,3,1.71,0,3.0,0.211,0.416,0
26-35,22965.25,7,1.58,1,5.0,0.358,0.648,0
26-35,32676.08,8,0.55,0,6.0,0.469,0.537,0
46-55,51289.29,6,3.09,0,12.0,0.467,0.764,1
56+,56478.11,7,1.65,0,8.0,0.587,0.103,0
26-35,126965.24,12,3.54,0,25.0,0.775,0.321,1
46-55,53758.88,10,3.23,1,20.0,0.584,0.618,1
46-55,95129.9,9,2.87,0,11.0,0.154,0.399,0
46-55,41099.85,8,5.59,0,4.0,0.148,0.443,0
26-35,39653.26,4,1.22,1,2.0,0.448,0.268,0
56+,27416.93,7,1.14,0,7.0,0.198,0.33,0
26-35,,9,2.87,1,14.0,0.582,0.546,1
26-35,61330.36,9,0.86,0,7.0,0.343,0.632,0
18-25,44978.11,8,1.57,0,16.0,0.423,0.474,0
36-45,80043.71,8,2.38,0,7.0,0.222,0.232,0
18-25,49229.68,6,3.33,0,11.0,0.698,0.341,0
26-35,38821.29,5,1.6,0,5.0,0.343,0.219,0
26-35,142502.44,9,0.11,0,9.0,0.521,0.769,0
46-55,49078.2,6,3.21,0,12.0,0.472,0.289,0
46-55,94349.43,11,3.49,0,7.0,0.322,0.199,0
26-35,37849.43,3,1.27,0,16.0,0.4,0.397,0
46-55,74532.59,11,2.59,1,3.0,0.404,0.461,0
46-55,83497.18,11,3.8,0,4.0,0.546,0.375,0
46-55,57435.38,7,3.34,0,7.0,0.498,0.268,0
18-25,15000.0,2,2.8,0,7.0,0.476,0.545,0
36-45,49488.29,5,2.13,0,8.0,0.282,0.365,0
56+,103760.35,3,5.84,0,22.0,0.415,0.576,1
36-45,64491.59,8,1.87,0,11.0,0.2,0.202,0
26-35,58796.42,7,0.26,0,2.0,0.585,0.439,0
36-45,20018.79,11,1.44,1,6.0,0.515,0.347,0
36-45,33703.72,7,1.66,0,9.0,0.337,0.713,0
36-45,60712.57,7,2.29,0,18.0,0.619,0.409,0
18-25,55459.0,3,1.19,0,18.0,,0.231,0
26-35,87695.58,12,1.9,0,11.0,0.4,0.16,0
46-55,47794.66,7,3.19,0,7.0,0.518,0.188,0
46-55,63641.98,7,5.23,0,11.0,0.387,0.072,1
18-25,45184.74,4,0.64,0,3.0,0.183,0.532,0
56+,32754.31,3,1.63,0,8.0,0.28,0.48,0
26-35,15000.0,7,0.61,0,2.0,0.662,0.656,0
36-45,61336.17,5,1.39,0,11.0,0.261,0.822,0
46-55,56412.87,8,0.97,0,6.0,0.213,0.34,0
46-55,37367.21,6,2.33,1,6.0,0.545,0.358,0
56+,23577.07,8,2.06,1,8.0,0.583,0.814,1
26-35,64696.64,5,1.13,0,18.0,0.529,0.52,0
46-55,44878.83,8,1.7,0,12.0,0.178,0.398,0
18-25,59848.69,7,0.93,0,18.0,0.171,0.642,0
36-45,129224.34,12,2.76,0,3.0,0.086,0.678,0
36-45,16098.09,8,2.02,0,11.0,0.458,0.444,0
36-45,34071.19,6,1.96,0,1.0,0.117,0.504,0
26-35,41819.78,6,0.34,0,0.0,0.354,0.626,0
46-55,109810.3,6,5.74,1,10.0,0.672,0.303,1
26-35,19911.85,7,0.62,1,1.0,0.367,0.621,1
18-25,122595.76,10,0.82,0,18.0,0.34,0.648,0
36-45,52609.14,3,5.14,0,20.0,0.643,0.42,1
36-45,46633.74,3,1.13,0,29.0,0.44,0.452,0
46-55,46490.76,8,5.69,1,7.0,0.257,0.772,1
26-35,37165.76,10,2.29,0,4.0,0.316,0.28,0
26-35,80420.2,7,0.56,0,24.0,0.566,0.134,0
46-55,29565.67,6,2.52,0,9.0,0.558,0.153,0
36-45,58665.99,14,0.95,0,13.0,0.228,0.525,0
26-35,38186.05,5,5.11,1,5.0,0.522,0.904,1
36-45,32981.12,6,1.17,0,4.0,0.569,0.208,0
36-45,165000.0,15,0.92,0,5.0,0.275,0.478,0
36-45,60955.93,11,2.22,0,8.0,0.597,0.403,0
26-35,64144.79,4,1.46,0,19.0,0.39,0.58,0
46-55,93119.97,18,3.02,0,13.0,0.124,0.407,0
46-55,24609.75,4,3.1,0,9.0,0.875,0.524,0
36-45,121928.71,7,1.42,0,0.0,0.236,0.304,0
18-25,15000.0,5,1.75,0,6.0,0.043,0.279,0
46-55,34552.72,11,3.13,0,3.0,0.274,0.101,0
36-45,38611.43,6,4.13,0,2.0,0.688,0.501,1
36-45,66336.54,5,2.17,1,9.0,0.652,0.382,1
26-35,52246.78,6,2.04,0,17.0,,0.324,0
46-55,47252.29,9,2.25,0,10.0,0.76,0.402,0
36-45,48715.93,8,2.34,0,6.0,0.78,0.452,0
18-25,26941.63,4,1.7,1,11.0,0.809,0.233,0
26-35,21406.27,5,8.06,0,17.0,0.422,0.249,1
46-55,75190.94,13,2.2,0,9.0,0.547,0.495,0
18-25,64262.22,8,0.27,1,13.0,0.502,0.757,0
56+,124733.79,19,1.1,0,7.0,0.327,0.339,0
36-45,32506.36,5,1.31,0,8.0,0.493,0.474,0
36-45,70281.5,7,0.57,0,20.0,0.647,0.356,0
26-35,40234.19,5,0.73,1,16.0,0.497,0.302,0
26-35,86599.3,6,2.03,0,6.0,0.453,0.626,0
56+,93099.18,9,0.66,1,7.0,0.344,0.624,1
26-35,52043.17,6,1.18,0,7.0,0.634,0.16,0
46-55,43193.46,3,1.03,0,6.0,0.292,0.578,0
26-35,76855.69,2,0.96,0,6.0,0.225,0.116,0
18-25,62717.16,4,1.56,1,9.0,0.549,0.384,1
18-25,31385.18,2,1.33,0,8.0,0.17,0.289,0
36-45,24576.47,5,0.82,1,12.0,0.372,0.438,0
56+,47096.92,13,4.37,0,1.0,0.256,0.559,0
26-35,102540.71,13,3.07,0,6.0,0.332,0.485,0
26-35,84640.94,8,1.31,0,13.0,0.349,0.534,0
26-35,26149.61,5,2.65,1,13.0,0.87,0.437,1
36-45,26709.27,10,4.64,1,,0.632,0.398,1
26-35,90475.61,11,0.8,1,7.0,0.563,0.509,1
46-55,28551.63,5,1.52,0,10.0,0.228,0.407,0
36-45,63884.6,6,0.96,1,3.0,0.527,0.289,0
36-45,35583.7,3,1.22,0,6.0,0.233,0.424,0
18-25,103866.67,14,4.26,0,3.0,0.478,0.465,0
56+,36657.71,9,1.61,0,4.0,0.206,0.579,0
26-35,84503.48,9,4.36,1,6.0,0.518,0.553,0
18-25,49322.05,4,1.69,0,13.0,0.401,0.382,0
36-45,55890.03,9,1.61,0,6.0,0.766,0.145,0
36-45,17596.22,5,1.15,0,6.0,,0.582,0
26-35,15000.0,2,1.75,0,3.0,0.599,0.435,0
26-35,41577.14,8,2.62,0,8.0,0.143,0.586,0
46-55,58594.21,8,0.36,0,5.0,0.363,0.132,0
26-35,25975.19,0,3.32,0,5.0,0.713,0.566,1
46-55,29257.15,4,0.28,0,30.0,0.212,0.28,0
36-45,65641.66,8,1.23,0,16.0,0.277,0.344,0
26-35,62485.16,7,0.65,0,23.0,0.45,0.226,0
26-35,43406.94,8,1.21,0,3.0,0.453,0.449,0
26-35,69961.82,13,2.0,0,11.0,0.471,0.533,1
46-55,27984.74,5,3.17,0,11.0,0.135,0.764,0
36-45,40737.89,11,3.14,0,15.0,0.33,0.028,0
26-35,109852.78,5,0.62,0,5.0,0.336,0.498,0
36-45,50793.69,9,1.91,0,5.0,0.36,0.518,0
56+,58435.71,13,2.11,0,5.0,0.44,0.679,0
26-35,154676.67,14,2.74,0,12.0,0.612,0.509,1
56+,26432.3,10,1.21,0,7.0,0.37,0.381,0
26-35,70554.72,16,1.6,0,4.0,0.54,0.063,0
18-25,106433.2,8,0.16,0,4.0,0.322,0.254,0
26-35,39382.38,7,1.24,0,4.0,0.802,0.268,0
26-35,72911.96,8,1.2,0,4.0,0.407,0.682,0
26-35,27982.93,11,0.84,0,3.0,0.019,0.582,0
18-25,31347.79,5,0.38,0,5.0,0.299,0.08,0
56+,66848.39,11,2.8,0,5.0,0.143,0.462,0
46-55,78061.69,6,4.06,1,1.0,0.63,0.612,1
36-45,87806.16,6,1.74,0,6.0,0.063,0.122,0
26-35,105472.64,6,1.19,0,6.0,0.519,0.378,0
18-25,43257.58,6,1.2,1,6.0,0.84,0.256,0
18-25,83339.52,10,4.8,0,2.0,0.559,0.367,0
36-45,41027.65,7,1.93,0,7.0,0.089,0.464,0
56+,87473.18,12,1.61,0,4.0,0.336,0.111,0
26-35,51942.58,6,5.53,1,10.0,0.528,0.616,1
18-25,56486.25,3,2.88,0,3.0,0.191,0.903,0
36-45,61097.37,6,3.41,0,6.0,0.331,0.362,0
26-35,20242.78,4,1.36,0,2.0,0.437,0.521,0
26-35,25989.73,3,3.19,0,11.0,0.434,0.428,0
36-45,51705.61,6,1.2,0,2.0,0.098,0.311,0
36-45,20386.23,3,1.72,1,12.0,0.563,0.477,0
18-25,69025.4,13,2.97,0,8.0,0.488,0.52,0
18-25,70488.8,8,2.87,0,7.0,0.698,0.756,1
56+,64869.23,1,2.69,0,11.0,0.57,0.363,0
26-35,26030.14,3,0.25,0,2.0,0.595,0.251,0
18-25,91827.97,9,0.88,0,16.0,0.367,0.182,0
26-35,134504.04,11,1.34,0,17.0,0.359,0.335,0
18-25,48362.5,3,2.84,1,13.0,0.371,0.328,0
26-35,60808.11,7,1.54,0,2.0,0.258,0.436,0
46-55,57234.04,8,0.63,0,,0.541,0.524,0
26-35,61438.5,7,2.09,0,4.0,0.214,0.269,0
26-35,43819.29,7,3.08,0,32.0,0.448,0.653,0
36-45,48147.6,9,0.55,0,20.0,0.601,0.144,0
36-45,78509.36,13,0.95,1,6.0,0.298,0.353,0
46-55,165000.0,9,0.98,1,16.0,0.43,0.585,1
46-55,24883.57,5,1.64,0,6.0,0.34,0.158,0
18-25,42447.25,7,2.3,0,6.0,0.569,0.397,0
46-55,27893.82,7,2.2,0,12.0,0.421,0.447,0
26-35,106708.16,9,1.41,0,6.0,0.492,0.762,0
56+,40310.86,10,1.6,0,21.0,0.169,0.596,0
36-45,23145.04,8,1.85,0,4.0,0.391,0.462,0
56+,76256.45,7,3.66,0,9.0,0.73,0.5,0
46-55,127649.28,13,3.78,0,27.0,0.453,0.134,1
26-35,65845.8,6,3.06,1,7.0,,0.253,1
36-45,54529.38,6,1.26,0,15.0,0.336,0.334,0
56+,67694.03,2,0.61,0,6.0,0.449,0.203,0
46-55,107550.65,6,2.68,0,4.0,0.285,0.357,0
18-25,28436.15,4,1.33,0,3.0,0.293,0.354,0
36-45,46251.05,5,4.22,0,2.0,0.301,0.467,0
26-35,36849.64,4,0.45,0,29.0,0.363,0.46,0
18-25,24409.07,4,1.41,0,10.0,0.337,0.252,0
26-35,39310.42,3,5.3,1,9.0,0.32,0.197,0
26-35,,4,2.25,0,7.0,0.601,0.253,0
46-55,69191.49,9,0.82,1,1.0,0.769,0.829,1
26-35,65188.7,9,0.2,0,2.0,0.268,0.388,0
46-55,55612.72,7,2.03,0,9.0,0.323,0.402,0
18-25,58813.6,6,3.18,0,3.0,0.257,0.492,0
26-35,30751.47,6,4.65,0,6.0,0.571,0.369,1
26-35,39697.95,7,0.58,0,15.0,0.547,0.256,0
26-35,51526.02,6,2.84,0,8.0,0.178,0.206,0
18-25,51756.65,6,0.61,0,11.0,0.536,0.802,0
26-35,55077.56,5,2.25,0,7.0,0.417,0.671,0
36-45,45618.36,8,0.64,0,5.0,0.617,0.353,0
26-35,38320.48,1,2.22,0,3.0,0.451,0.426,0
26-35,165000.0,7,0.36,0,5.0,0.27,0.461,0
26-35,74721.97,1,2.94,0,17.0,0.424,0.551,1
46-55,63884.8,5,2.63,0,8.0,0.383,0.491,0
56+,48471.51,7,2.4,1,13.0,0.398,0.492,0
36-45,38768.61,9,1.15,0,6.0,0.295,0.32,0
26-35,43563.88,4,1.6,0,12.0,0.768,0.381,1
18-25,52170.42,4,2.63,0,6.0,0.236,0.203,0
56+,20582.03,6,2.59,0,20.0,0.343,0.602,0
18-25,19809.51,5,4.89,0,3.0,0.415,0.134,0
26-35,33483.94,4,2.51,1,9.0,0.484,0.714,1
26-35,51933.15,7,4.62,0,8.0,0.341,0.71,0
26-35,41174.65,3,4.06,0,9.0,0.3,0.28,0
26-35,100571.38,8,1.41,0,18.0,0.38,0.409,0
46-55,23840.8,7,0.64,0,16.0,0.115,0.522,0
18-25,30312.04,7,1.3,1,13.0,0.412,0.644,1
36-45,108060.63,8,0.28,0,4.0,0.087,0.307,0
18-25,47962.85,1,1.2,0,2.0,0.336,0.302,0
18-25,70977.5,7,1.79,0,7.0,0.6,0.508,1
56+,158998.24,13,2.47,0,12.0,0.147,0.409,0
26-35,32507.36,1,1.33,0,9.0,0.398,0.846,0
46-55,48940.3,7,3.03,0,16.0,0.478,0.241,0
36-45,42545.87,6,4.01,0,14.0,0.355,0.342,1
18-25,16213.7,3,2.8,0,1.0,0.312,0.422,0
56+,46564.5,7,3.11,0,6.0,0.611,0.663,0
26-35,73729.06,9,1.77,0,11.0,,0.528,0
46-55,68261.87,8,4.0,1,8.0,0.74,0.766,1
26-35,64339.13,4,2.7,0,8.0,0.598,0.927,1
46-55,42392.86,5,1.21,0,8.0,0.266,0.113,0
18-25,31851.17,8,3.97,1,6.0,0.382,0.578,1
36-45,94846.3,13,0.68,0,22.0,0.653,0.679,0
46-55,39790.96,6,2.02,0,0.0,0.348,0.67,0
56+,63762.64,7,2.8,0,8.0,0.773,0.42,0
56+,59571.59,10,1.18,0,10.0,0.185,0.215,0
46-55,110204.48,10,0.93,0,9.0,0.234,0.181,0
46-55,85402.82,9,4.3,0,4.0,0.327,0.394,0
26-35,23776.8,6,0.11,1,9.0,0.245,0.513,0
26-35,25146.46,5,0.36,0,7.0,0.112,0.59,0
26-35,63009.02,11,3.28,0,20.0,0.316,0.287,0
26-35,45095.8,6,0.99,0,2.0,0.084,0.136,0
26-35,36802.12,4,1.14,0,9.0,0.343,0.276,0
36-45,83127.14,10,0.93,0,6.0,0.135,0.546,0
26-35,51404.39,4,0.95,0,21.0,0.44,0.498,0
36-45,50376.39,3,1.58,0,12.0,0.432,0.419,0
26-35,69948.25,6,4.85,0,5.0,0.034,0.581,0
26-35,38366.63,7,2.33,1,6.0,0.672,0.782,1
36-45,110816.38,8,2.64,0,6.0,0.233,0.144,0
46-55,34208.01,8,2.44,0,1.0,0.894,0.232,0
36-45,68982.15,4,0.2,0,13.0,0.346,0.33,0
36-45,103320.71,8,1.26,0,5.0,0.348,0.364,0
26-35,22783.83,6,2.53,0,9.0,0.168,0.18,0
36-45,41005.67,13,1.76,0,,0.274,0.674,0
18-25,81141.34,5,0.59,0,4.0,0.078,0.3,0
26-35,85115.73,13,0.56,1,13.0,0.705,0.604,1
26-35,42651.69,4,0.91,0,4.0,0.148,0.448,0
18-25,30576.01,7,1.21,0,9.0,0.271,0.37,0
26-35,76656.27,7,1.88,0,4.0,0.384,0.61,0
56+,101259.88,9,0.5,0,,0.192,0.135,0
56+,29862.99,10,0.27,1,9.0,0.795,0.628,1
26-35,24933.43,2,1.55,0,13.0,0.169,0.234,0
18-25,50369.12,8,2.15,0,5.0,0.212,0.676,0
26-35,64683.89,12,0.89,0,6.0,0.368,0.587,0
26-35,39914.07,6,1.63,1,14.0,0.395,0.822,1
56+,77904.02,8,3.78,0,2.0,0.384,0.14,0
18-25,30968.6,7,0.77,0,16.0,0.53,0.19,0
46-55,,8,3.35,0,15.0,0.429,0.541,0
18-25,35938.75,6,1.04,1,5.0,0.587,0.575,1
56+,56550.01,3,0.56,0,5.0,0.212,0.318,0
26-35,40399.12,11,1.02,1,3.0,0.608,0.342,0
46-55,28212.67,6,2.87,0,7.0,0.224,0.594,0
26-35,18139.78,5,0.97,0,13.0,0.211,0.258,0
36-45,37521.67,7,3.19,0,2.0,0.362,0.355,0
26-35,74368.0,4,1.45,1,11.0,0.534,0.717,1
18-25,86096.38,10,0.59,1,0.0,0.433,0.561,0
56+,101479.39,9,0.9,0,7.0,0.163,0.299,0
56+,35800.85,8,1.82,0,6.0,0.325,0.256,0
46-55,28284.6,9,1.01,0,14.0,0.472,0.454,0
36-45,63465.39,8,1.21,0,12.0,0.171,0.725,0
46-55,71700.43,11,0.42,0,3.0,0.746,0.723,1
18-25,55165.23,6,1.44,0,18.0,0.342,0.696,0
26-35,16361.51,4,1.49,0,8.0,0.241,0.163,0
26-35,29709.44,5,0.61,0,10.0,0.365,0.542,0
36-45,48269.82,5,2.13,1,12.0,0.566,0.561,0
26-35,60075.26,9,2.88,0,6.0,0.468,0.586,0
18-25,66769.38,5,3.8,1,14.0,0.546,0.369,1
36-45,52839.37,5,1.85,0,14.0,,0.258,0
46-55,61206.43,4,2.68,0,5.0,0.036,0.442,0
26-35,48733.89,4,2.65,1,4.0,0.266,0.51,0
18-25,63992.56,7,2.33,1,9.0,0.731,0.346,1
26-35,54868.25,2,2.18,1,12.0,0.564,0.364,1
26-35,48251.57,5,0.51,0,4.0,0.525,0.411,0
26-35,40556.37,9,0.54,0,15.0,0.402,0.509,0
36-45,51137.41,7,2.94,1,0.0,0.377,0.441,1
36-45,63069.18,2,5.26,0,12.0,0.131,0.224,0
36-45,56335.9,6,1.26,0,6.0,0.212,0.306,0
26-35,56841.94,9,2.81,0,27.0,0.517,0.491,1
46-55,103592.0,6,1.92,1,4.0,0.586,0.137,0
26-35,53523.99,8,1.48,0,10.0,0.502,0.2,1
26-35,33273.64,8,2.69,0,7.0,0.38,0.542,0
46-55,81591.11,8,1.23,0,6.0,0.222,0.387,0
26-35,22915.68,5,2.38,0,5.0,0.441,0.063,0
18-25,25531.42,2,2.1,0,15.0,,0.183,0
46-55,61367.8,6,2.04,1,28.0,0.257,0.581,1
26-35,60993.72,11,3.55,1,1.0,0.829,0.364,1
36-45,25657.04,6,0.8,0,7.0,0.167,0.718,0
18-25,36714.79,6,0.81,0,12.0,0.13,0.268,0
36-45,35768.98,10,1.51,0,3.0,0.585,0.159,0
26-35,36204.12,2,1.0,0,5.0,0.35,0.382,0
18-25,73179.52,8,1.6,0,20.0,0.34,0.477,0
36-45,70783.62,7,1.27,0,9.0,0.282,0.816,0
26-35,46168.66,9,1.73,0,23.0,0.481,0.103,0
26-35,35105.03,3,3.02,0,13.0,0.221,0.559,0
18-25,22207.43,4,0.89,1,17.0,0.758,0.837,1
18-25,93760.24,8,0.81,0,16.0,0.687,0.569,0
26-35,63443.13,9,2.36,0,4.0,0.144,0.26,0
18-25,31024.49,4,0.74,0,8.0,0.571,0.034,0
56+,79554.03,17,4.39,0,6.0,0.099,0.436,0
18-25,43195.16,4,3.55,1,10.0,0.28,0.336,1
36-45,42222.27,4,4.35,0,8.0,0.419,0.585,0
18-25,56179.66,3,0.66,0,14.0,0.108,0.127,0
26-35,31711.06,7,1.93,0,3.0,0.38,0.58,0
56+,,11,0.92,0,1.0,0.125,0.125,0
26-35,,8,4.55,0,4.0,,0.131,1
56+,42204.64,8,1.57,0,18.0,0.51,0.63,0
26-35,66033.95,9,2.01,0,7.0,0.09,0.14,0
36-45,129561.97,8,1.26,1,4.0,0.403,0.449,1
36-45,33115.77,6,2.42,0,4.0,0.296,0.253,0
46-55,21679.77,7,1.59,0,4.0,0.512,0.355,0
36-45,17310.96,4,2.44,0,9.0,0.389,0.398,0
36-45,45331.46,5,1.85,0,15.0,0.043,0.859,0
26-35,33029.44,3,3.04,0,2.0,0.489,0.374,0
26-35,51952.62,10,2.72,0,5.0,0.202,0.47,1
56+,58627.01,12,4.81,1,17.0,0.469,0.285,1
26-35,20258.45,6,1.17,0,10.0,0.506,0.608,0
26-35,18147.0,7,3.1,0,20.0,0.41,0.213,0
46-55,60107.22,11,1.9,0,3.0,0.286,0.235,0
26-35,50032.25,8,2.86,1,3.0,0.361,0.257,0
56+,43851.96,7,1.29,0,11.0,0.66,0.357,0
36-45,20708.21,2,0.74,0,29.0,0.278,0.476,1
36-45,62637.75,8,2.44,1,10.0,0.562,0.616,1
46-55,99846.35,8,1.2,0,10.0,0.281,0.436,0
18-25,51769.21,7,0.85,1,17.0,0.259,0.153,0
26-35,30010.83,4,1.46,0,5.0,0.775,0.532,1
26-35,47722.92,11,2.49,0,9.0,0.182,0.417,0
26-35,22916.69,6,4.84,0,19.0,0.344,0.854,0
36-45,84977.31,8,1.58,1,8.0,0.306,0.571,1
56+,57099.98,10,1.72,0,4.0,0.332,0.886,0
26-35,18593.33,3,1.54,0,2.0,0.825,0.38,0
26-35,39880.76,3,1.52,1,8.0,0.51,0.522,0
56+,69627.63,9,1.52,1,4.0,0.398,0.247,1
26-35,39215.02,7,2.06,0,9.0,0.384,0.785,0
36-45,42469.19,7,1.44,0,12.0,0.597,0.232,0
26-35,24669.2,9,3.18,1,9.0,0.32,0.643,0
56+,73467.71,6,2.08,1,2.0,,0.317,1
36-45,34989.25,3,1.33,0,23.0,0.896,0.631,1
46-55,16791.84,3,2.21,0,4.0,0.362,0.535,0
46-55,42486.69,7,3.7,0,5.0,0.373,0.431,0
26-35,77667.94,9,3.55,0,14.0,0.019,0.6,0
26-35,38131.53,6,2.48,0,12.0,0.283,0.354,1
46-55,127230.06,11,4.61,1,12.0,0.224,0.642,0
26-35,58282.86,5,4.67,0,9.0,0.259,0.42,0
46-55,61460.76,11,1.18,0,16.0,0.43,0.914,0
56+,51186.59,5,1.98,0,11.0,0.458,0.43,0
36-45,47310.67,5,4.58,0,7.0,0.253,0.55,0
36-45,42745.52,8,1.32,0,7.0,0.331,0.315,0
46-55,44038.52,9,2.56,0,2.0,,0.764,1
46-55,67917.63,16,1.54,0,20.0,0.21,0.48,0
26-35,28663.15,8,0.83,0,,0.554,0.38,0
18-25,25604.8,6,1.24,0,8.0,0.536,0.305,0
26-35,26002.26,4,1.28,0,21.0,0.649,0.549,0
36-45,142022.44,10,3.42,0,2.0,0.487,0.347,0
26-35,61437.66,2,3.98,1,1.0,0.325,0.426,0
36-45,57430.8,3,1.13,0,14.0,0.215,0.757,0
26-35,26905.67,6,0.26,0,5.0,0.231,0.305,0
36-45,67787.83,2,4.11,0,10.0,0.819,0.297,1
26-35,43887.42,5,0.56,1,5.0,0.492,0.244,0
36-45,54795.75,5,2.34,0,,0.249,0.479,1
36-45,29500.35,8,4.84,0,5.0,0.401,0.192,0
26-35,50682.69,8,0.54,0,17.0,0.331,0.145,0
26-35,37406.75,4,2.84,0,2.0,0.266,0.706,0
36-45,32921.53,5,1.54,1,11.0,0.645,0.334,1
36-45,71806.86,9,1.87,0,0.0,0.295,0.431,0
26-35,20960.44,5,1.56,0,8.0,0.18,0.458,0
56+,,6,0.82,0,13.0,0.215,0.82,0
36-45,69977.76,9,2.88,0,11.0,0.589,0.647,0
56+,34633.8,7,1.8,0,8.0,0.137,0.49,1
26-35,30437.45,5,0.77,0,3.0,0.237,0.42,0
36-45,266385.5865444893,7,6.39,1,6.0,0.464,0.589,1
46-55,59674.43,8,1.36,0,17.0,0.261,0.217,0
36-45,45275.23,9,0.92,0,6.0,0.033,0.367,0
36-45,61417.65,4,1.98,0,7.0,0.371,0.372,0
26-35,116628.55,10,0.25,1,13.0,0.537,0.258,0
26-35,35810.17,5,0.82,0,7.0,0.15,0.236,0
18-25,18363.25,4,2.28,1,16.0,0.561,0.831,1
26-35,71645.12,3,1.45,0,13.0,0.239,0.552,0
18-25,107508.33,10,0.1,0,6.0,0.642,0.244,0
18-25,54953.33,4,1.12,0,7.0,0.594,0.078,0
56+,31081.58,6,1.28,0,9.0,0.394,0.279,0
26-35,43720.66,5,2.13,0,14.0,0.254,0.363,0
36-45,27401.9,8,2.46,0,14.0,0.177,0.486,0
46-55,71990.17,4,2.22,0,22.0,0.198,0.141,0
36-45,24278.08,3,3.02,0,14.0,0.253,0.426,0
26-35,39892.08,4,1.79,0,2.0,0.132,0.536,0
36-45,29078.21,5,0.89,0,7.0,0.1,0.276,0
36-45,52362.65,14,2.61,0,23.0,0.531,0.895,1
36-45,40518.03,5,0.55,0,8.0,0.462,0.615,0
46-55,56495.5,11,2.76,0,17.0,0.382,0.454,0
56+,55360.54,9,0.61,1,2.0,0.758,0.321,0
36-45,29346.76,7,1.41,1,7.0,0.467,0.514,1
26-35,64600.41,4,2.53,0,7.0,0.317,0.773,0
36-45,47793.35,7,0.93,0,9.0,0.415,0.32,0
18-25,26794.85,4,4.15,0,5.0,0.305,0.43,0
46-55,165000.0,9,0.57,0,3.0,0.495,0.336,0
18-25,57396.79,6,1.95,0,9.0,0.736,0.22,1
26-35,43058.05,9,1.63,1,6.0,0.294,0.289,0
46-55,107571.0,12,2.26,0,0.0,0.445,0.569,0
36-45,127738.96,9,1.54,0,8.0,0.407,0.03,0
